Annee,Governorate,Effectif_Ovin,Est_Femelle,Source
2022,Kébili,82.0,False,Répartition du cheptel selon les délégations - Gouvernorat de Kébili - RÉPARTITION DU CHEPTEL SELON .csv
2022,Kébili,7.0,False,Répartition du cheptel selon les délégations - Gouvernorat de Kébili - RÉPARTITION DU CHEPTEL SELON .csv
2022,Kébili,17.0,False,Répartition du cheptel selon les délégations - Gouvernorat de Kébili - RÉPARTITION DU CHEPTEL SELON .csv
2022,Kébili,64.0,False,Répartition du cheptel selon les délégations - Gouvernorat de Kébili - RÉPARTITION DU CHEPTEL SELON .csv
2022,Kébili,134.0,False,Répartition du cheptel selon les délégations - Gouvernorat de Kébili - RÉPARTITION DU CHEPTEL SELON .csv
2022,Kébili,10.0,False,Répartition du cheptel selon les délégations - Gouvernorat de Kébili - RÉPARTITION DU CHEPTEL SELON .csv
2022,Kébili,0.0,False,Répartition du cheptel selon les délégations - Gouvernorat de Kébili - RÉPARTITION DU CHEPTEL SELON .csv
2022,Kébili,314.0,False,Répartition du cheptel selon les délégations - Gouvernorat de Kébili - RÉPARTITION DU CHEPTEL SELON .csv
2023,Kébili,130.0,False,Répartition du cheptel selon les délégations - Gouvernorat de Kébili - RÉPARTITION DU CHEPTEL SELON .csv
2023,Kébili,6.0,False,Répartition du cheptel selon les délégations - Gouvernorat de Kébili - RÉPARTITION DU CHEPTEL SELON .csv
2023,Kébili,76.0,False,Répartition du cheptel selon les délégations - Gouvernorat de Kébili - RÉPARTITION DU CHEPTEL SELON .csv
2023,Kébili,23.0,False,Répartition du cheptel selon les délégations - Gouvernorat de Kébili - RÉPARTITION DU CHEPTEL SELON .csv
2023,Kébili,73.0,False,Répartition du cheptel selon les délégations - Gouvernorat de Kébili - RÉPARTITION DU CHEPTEL SELON .csv
2023,Kébili,36.0,False,Répartition du cheptel selon les délégations - Gouvernorat de Kébili - RÉPARTITION DU CHEPTEL SELON .csv
2023,Kébili,6.0,False,Répartition du cheptel selon les délégations - Gouvernorat de Kébili - RÉPARTITION DU CHEPTEL SELON .csv
2023,Kébili,350.0,False,Répartition du cheptel selon les délégations - Gouvernorat de Kébili - RÉPARTITION DU CHEPTEL SELON .csv
2014,Ariana,4040.3225806451615,False,Répartition du cheptel -Gouvernorat de Ariana - Evolution du cheptel selon la race .csv
2014,Ariana,3595.8870967741937,False,Répartition du cheptel -Gouvernorat de Ariana - Evolution du cheptel selon la race .csv
2014,Ariana,10999.77822580645,False,Répartition du cheptel -Gouvernorat de Ariana - Evolution du cheptel selon la race .csv
2014,Ariana,5643.320564516129,False,Répartition du cheptel -Gouvernorat de Ariana - Evolution du cheptel selon la race .csv
2014,Ariana,0.0,False,Répartition du cheptel -Gouvernorat de Ariana - Evolution du cheptel selon la race .csv
2014,Ariana,770.6915322580645,False,Répartition du cheptel -Gouvernorat de Ariana - Evolution du cheptel selon la race .csv
2014,Ariana,25050.0,False,Répartition du cheptel -Gouvernorat de Ariana - Evolution du cheptel selon la race .csv
2015,Ariana,0.0,False,Répartition du cheptel -Gouvernorat de Ariana - Evolution du cheptel selon la race .csv
2015,Ariana,1500.0,False,Répartition du cheptel -Gouvernorat de Ariana - Evolution du cheptel selon la race .csv
2015,Ariana,3470.0,False,Répartition du cheptel -Gouvernorat de Ariana - Evolution du cheptel selon la race .csv
2015,Ariana,13000.0,False,Répartition du cheptel -Gouvernorat de Ariana - Evolution du cheptel selon la race .csv
2015,Ariana,5600.0,False,Répartition du cheptel -Gouvernorat de Ariana - Evolution du cheptel selon la race .csv
2015,Ariana,0.0,False,Répartition du cheptel -Gouvernorat de Ariana - Evolution du cheptel selon la race .csv
2015,Ariana,1030.0,False,Répartition du cheptel -Gouvernorat de Ariana - Evolution du cheptel selon la race .csv
2015,Ariana,24600.0,False,Répartition du cheptel -Gouvernorat de Ariana - Evolution du cheptel selon la race .csv
2016,Ariana,0.0,False,Répartition du cheptel -Gouvernorat de Ariana - Evolution du cheptel selon la race .csv
2016,Ariana,1840.0,False,Répartition du cheptel -Gouvernorat de Ariana - Evolution du cheptel selon la race .csv
2016,Ariana,2450.0,False,Répartition du cheptel -Gouvernorat de Ariana - Evolution du cheptel selon la race .csv
2016,Ariana,13960.0,False,Répartition du cheptel -Gouvernorat de Ariana - Evolution du cheptel selon la race .csv
2016,Ariana,5290.0,False,Répartition du cheptel -Gouvernorat de Ariana - Evolution du cheptel selon la race .csv
2016,Ariana,0.0,False,Répartition du cheptel -Gouvernorat de Ariana - Evolution du cheptel selon la race .csv
2016,Ariana,1360.0,False,Répartition du cheptel -Gouvernorat de Ariana - Evolution du cheptel selon la race .csv
2016,Ariana,24900.0,False,Répartition du cheptel -Gouvernorat de Ariana - Evolution du cheptel selon la race .csv
2017,Ariana,20.0,False,Répartition du cheptel -Gouvernorat de Ariana - Evolution du cheptel selon la race .csv
2017,Ariana,1900.0,False,Répartition du cheptel -Gouvernorat de Ariana - Evolution du cheptel selon la race .csv
2017,Ariana,2000.0,False,Répartition du cheptel -Gouvernorat de Ariana - Evolution du cheptel selon la race .csv
2017,Ariana,12000.0,False,Répartition du cheptel -Gouvernorat de Ariana - Evolution du cheptel selon la race .csv
2017,Ariana,3395.0,False,Répartition du cheptel -Gouvernorat de Ariana - Evolution du cheptel selon la race .csv
2017,Ariana,50.0,False,Répartition du cheptel -Gouvernorat de Ariana - Evolution du cheptel selon la race .csv
2017,Ariana,635.0,False,Répartition du cheptel -Gouvernorat de Ariana - Evolution du cheptel selon la race .csv
2017,Ariana,20000.0,False,Répartition du cheptel -Gouvernorat de Ariana - Evolution du cheptel selon la race .csv
2018,Ariana,15.0,False,Répartition du cheptel -Gouvernorat de Ariana - Evolution du cheptel selon la race .csv
2018,Ariana,1425.0,False,Répartition du cheptel -Gouvernorat de Ariana - Evolution du cheptel selon la race .csv
2018,Ariana,1500.0,False,Répartition du cheptel -Gouvernorat de Ariana - Evolution du cheptel selon la race .csv
2018,Ariana,9000.0,False,Répartition du cheptel -Gouvernorat de Ariana - Evolution du cheptel selon la race .csv
2018,Ariana,2545.0,False,Répartition du cheptel -Gouvernorat de Ariana - Evolution du cheptel selon la race .csv
2018,Ariana,0.0,False,Répartition du cheptel -Gouvernorat de Ariana - Evolution du cheptel selon la race .csv
2018,Ariana,515.0,False,Répartition du cheptel -Gouvernorat de Ariana - Evolution du cheptel selon la race .csv
2018,Ariana,15000.0,False,Répartition du cheptel -Gouvernorat de Ariana - Evolution du cheptel selon la race .csv
2019,Ariana,0.0,False,Répartition du cheptel -Gouvernorat de Ariana - Evolution du cheptel selon la race .csv
2019,Ariana,1310.0,False,Répartition du cheptel -Gouvernorat de Ariana - Evolution du cheptel selon la race .csv
2019,Ariana,1900.0,False,Répartition du cheptel -Gouvernorat de Ariana - Evolution du cheptel selon la race .csv
2019,Ariana,10066.0,False,Répartition du cheptel -Gouvernorat de Ariana - Evolution du cheptel selon la race .csv
2019,Ariana,1837.0,False,Répartition du cheptel -Gouvernorat de Ariana - Evolution du cheptel selon la race .csv
2019,Ariana,0.0,False,Répartition du cheptel -Gouvernorat de Ariana - Evolution du cheptel selon la race .csv
2019,Ariana,187.0,False,Répartition du cheptel -Gouvernorat de Ariana - Evolution du cheptel selon la race .csv
2019,Ariana,15300.0,False,Répartition du cheptel -Gouvernorat de Ariana - Evolution du cheptel selon la race .csv
2020,Ariana,0.0,False,Répartition du cheptel -Gouvernorat de Ariana - Evolution du cheptel selon la race .csv
2020,Ariana,1300.0,False,Répartition du cheptel -Gouvernorat de Ariana - Evolution du cheptel selon la race .csv
2020,Ariana,1800.0,False,Répartition du cheptel -Gouvernorat de Ariana - Evolution du cheptel selon la race .csv
2020,Ariana,11451.0,False,Répartition du cheptel -Gouvernorat de Ariana - Evolution du cheptel selon la race .csv
2020,Ariana,1934.0,False,Répartition du cheptel -Gouvernorat de Ariana - Evolution du cheptel selon la race .csv
2020,Ariana,0.0,False,Répartition du cheptel -Gouvernorat de Ariana - Evolution du cheptel selon la race .csv
2020,Ariana,335.0,False,Répartition du cheptel -Gouvernorat de Ariana - Evolution du cheptel selon la race .csv
2020,Ariana,16820.0,False,Répartition du cheptel -Gouvernorat de Ariana - Evolution du cheptel selon la race .csv
2021,Ariana,0.0,False,Répartition du cheptel -Gouvernorat de Ariana - Evolution du cheptel selon la race .csv
2021,Ariana,1350.0,False,Répartition du cheptel -Gouvernorat de Ariana - Evolution du cheptel selon la race .csv
2021,Ariana,2130.0,False,Répartition du cheptel -Gouvernorat de Ariana - Evolution du cheptel selon la race .csv
2021,Ariana,11850.0,False,Répartition du cheptel -Gouvernorat de Ariana - Evolution du cheptel selon la race .csv
2021,Ariana,1868.0,False,Répartition du cheptel -Gouvernorat de Ariana - Evolution du cheptel selon la race .csv
2021,Ariana,0.0,False,Répartition du cheptel -Gouvernorat de Ariana - Evolution du cheptel selon la race .csv
2021,Ariana,332.0,False,Répartition du cheptel -Gouvernorat de Ariana - Evolution du cheptel selon la race .csv
2021,Ariana,17530.0,False,Répartition du cheptel -Gouvernorat de Ariana - Evolution du cheptel selon la race .csv
2022,Ariana,0.0,False,Répartition du cheptel -Gouvernorat de Ariana - Evolution du cheptel selon la race .csv
2022,Ariana,1064.0,False,Répartition du cheptel -Gouvernorat de Ariana - Evolution du cheptel selon la race .csv
2022,Ariana,1737.0,False,Répartition du cheptel -Gouvernorat de Ariana - Evolution du cheptel selon la race .csv
2022,Ariana,11427.0,False,Répartition du cheptel -Gouvernorat de Ariana - Evolution du cheptel selon la race .csv
2022,Ariana,2344.0,False,Répartition du cheptel -Gouvernorat de Ariana - Evolution du cheptel selon la race .csv
2022,Ariana,0.0,False,Répartition du cheptel -Gouvernorat de Ariana - Evolution du cheptel selon la race .csv
2022,Ariana,414.0,False,Répartition du cheptel -Gouvernorat de Ariana - Evolution du cheptel selon la race .csv
2022,Ariana,16986.0,False,Répartition du cheptel -Gouvernorat de Ariana - Evolution du cheptel selon la race .csv
2023,Ariana,0.0,False,Répartition du cheptel -Gouvernorat de Ariana - Evolution du cheptel selon la race .csv
2023,Ariana,945.0,False,Répartition du cheptel -Gouvernorat de Ariana - Evolution du cheptel selon la race .csv
2023,Ariana,1751.0,False,Répartition du cheptel -Gouvernorat de Ariana - Evolution du cheptel selon la race .csv
2023,Ariana,10679.0,False,Répartition du cheptel -Gouvernorat de Ariana - Evolution du cheptel selon la race .csv
2023,Ariana,1952.0,False,Répartition du cheptel -Gouvernorat de Ariana - Evolution du cheptel selon la race .csv
2023,Ariana,0.0,False,Répartition du cheptel -Gouvernorat de Ariana - Evolution du cheptel selon la race .csv
2023,Ariana,673.0,False,Répartition du cheptel -Gouvernorat de Ariana - Evolution du cheptel selon la race .csv
2023,Ariana,16000.0,False,Répartition du cheptel -Gouvernorat de Ariana - Evolution du cheptel selon la race .csv
2024,Ariana,0.0,False,Répartition du cheptel -Gouvernorat de Ariana - Evolution du cheptel selon la race .csv
2024,Ariana,768.0,False,Répartition du cheptel -Gouvernorat de Ariana - Evolution du cheptel selon la race .csv
2024,Ariana,1423.0,False,Répartition du cheptel -Gouvernorat de Ariana - Evolution du cheptel selon la race .csv
2024,Ariana,8676.0,False,Répartition du cheptel -Gouvernorat de Ariana - Evolution du cheptel selon la race .csv
2024,Ariana,1586.0,False,Répartition du cheptel -Gouvernorat de Ariana - Evolution du cheptel selon la race .csv
2024,Ariana,0.0,False,Répartition du cheptel -Gouvernorat de Ariana - Evolution du cheptel selon la race .csv
2024,Ariana,547.0,False,Répartition du cheptel -Gouvernorat de Ariana - Evolution du cheptel selon la race .csv
2024,Ariana,13000.0,False,Répartition du cheptel -Gouvernorat de Ariana - Evolution du cheptel selon la race .csv
2021,Tozeur,302.0,False,Répartition du cheptel (nombre de têtes) - Gouvernorat de Tozeur - Répartition du cheptel - Gouverno.csv
2022,Tozeur,353.0,False,Répartition du cheptel (nombre de têtes) - Gouvernorat de Tozeur - Répartition du cheptel - Gouverno.csv
2023,Tozeur,387.0,False,Répartition du cheptel (nombre de têtes) - Gouvernorat de Tozeur - Répartition du cheptel - Gouverno.csv
2024,Tozeur,487.0,False,Répartition du cheptel (nombre de têtes) - Gouvernorat de Tozeur - Répartition du cheptel - Gouverno.csv
2024,Le Kef,1300.0,False,Répartition du cheptel - Gouvernorat de Kef - Répartition du cheptel selon la race et les délégation.csv
2024,Le Kef,325.0,False,Répartition du cheptel - Gouvernorat de Kef - Répartition du cheptel selon la race et les délégation.csv
2024,Le Kef,1654.0,False,Répartition du cheptel - Gouvernorat de Kef - Répartition du cheptel selon la race et les délégation.csv
2024,Le Kef,350.0,False,Répartition du cheptel - Gouvernorat de Kef - Répartition du cheptel selon la race et les délégation.csv
2024,Le Kef,210.0,False,Répartition du cheptel - Gouvernorat de Kef - Répartition du cheptel selon la race et les délégation.csv
2024,Le Kef,660.0,False,Répartition du cheptel - Gouvernorat de Kef - Répartition du cheptel selon la race et les délégation.csv
2024,Le Kef,1652.0,False,Répartition du cheptel - Gouvernorat de Kef - Répartition du cheptel selon la race et les délégation.csv
2024,Le Kef,10.0,False,Répartition du cheptel - Gouvernorat de Kef - Répartition du cheptel selon la race et les délégation.csv
2024,Le Kef,10.0,False,Répartition du cheptel - Gouvernorat de Kef - Répartition du cheptel selon la race et les délégation.csv
2024,Le Kef,31.0,False,Répartition du cheptel - Gouvernorat de Kef - Répartition du cheptel selon la race et les délégation.csv
2024,Le Kef,120.0,False,Répartition du cheptel - Gouvernorat de Kef - Répartition du cheptel selon la race et les délégation.csv
2024,Le Kef,370.0,False,Répartition du cheptel - Gouvernorat de Kef - Répartition du cheptel selon la race et les délégation.csv
2024,Le Kef,6692.0,False,Répartition du cheptel - Gouvernorat de Kef - Répartition du cheptel selon la race et les délégation.csv
2024,Gafsa,1900.0,False,Répartition du cheptel - Gouvernorat de Gafsa. - Répartition du cheptel - Gouvernorat de Gafsa..csv
2024,Gafsa,2800.0,False,Répartition du cheptel - Gouvernorat de Gafsa. - Répartition du cheptel - Gouvernorat de Gafsa..csv
2024,Gafsa,950.0,False,Répartition du cheptel - Gouvernorat de Gafsa. - Répartition du cheptel - Gouvernorat de Gafsa..csv
2024,Gafsa,1800.0,False,Répartition du cheptel - Gouvernorat de Gafsa. - Répartition du cheptel - Gouvernorat de Gafsa..csv
2024,Gafsa,450.0,False,Répartition du cheptel - Gouvernorat de Gafsa. - Répartition du cheptel - Gouvernorat de Gafsa..csv
2024,Gafsa,320.0,False,Répartition du cheptel - Gouvernorat de Gafsa. - Répartition du cheptel - Gouvernorat de Gafsa..csv
2024,Gafsa,350.0,False,Répartition du cheptel - Gouvernorat de Gafsa. - Répartition du cheptel - Gouvernorat de Gafsa..csv
2024,Gafsa,150.0,False,Répartition du cheptel - Gouvernorat de Gafsa. - Répartition du cheptel - Gouvernorat de Gafsa..csv
2024,Gafsa,400.0,False,Répartition du cheptel - Gouvernorat de Gafsa. - Répartition du cheptel - Gouvernorat de Gafsa..csv
2024,Gafsa,630.0,False,Répartition du cheptel - Gouvernorat de Gafsa. - Répartition du cheptel - Gouvernorat de Gafsa..csv
2024,Gafsa,800.0,False,Répartition du cheptel - Gouvernorat de Gafsa. - Répartition du cheptel - Gouvernorat de Gafsa..csv
2024,Gafsa,1000.0,False,Répartition du cheptel - Gouvernorat de Gafsa. - Répartition du cheptel - Gouvernorat de Gafsa..csv
2024,Gafsa,1300.0,False,Répartition du cheptel - Gouvernorat de Gafsa. - Répartition du cheptel - Gouvernorat de Gafsa..csv
2024,Gafsa,12850.0,False,Répartition du cheptel - Gouvernorat de Gafsa. - Répartition du cheptel - Gouvernorat de Gafsa..csv
2020,Gabès,1009.0,False,Répartition du cheptel - Gouvernorat de Gabès - Répartition du cheptel selon la race et les délégati.csv
2020,Gabès,268.0,False,Répartition du cheptel - Gouvernorat de Gabès - Répartition du cheptel selon la race et les délégati.csv
2020,Gabès,148.0,False,Répartition du cheptel - Gouvernorat de Gabès - Répartition du cheptel selon la race et les délégati.csv
2020,Gabès,0.0,False,Répartition du cheptel - Gouvernorat de Gabès - Répartition du cheptel selon la race et les délégati.csv
2020,Gabès,688.0,False,Répartition du cheptel - Gouvernorat de Gabès - Répartition du cheptel selon la race et les délégati.csv
2020,Gabès,0.0,False,Répartition du cheptel - Gouvernorat de Gabès - Répartition du cheptel selon la race et les délégati.csv
2020,Gabès,383.0,False,Répartition du cheptel - Gouvernorat de Gabès - Répartition du cheptel selon la race et les délégati.csv
2020,Gabès,0.0,False,Répartition du cheptel - Gouvernorat de Gabès - Répartition du cheptel selon la race et les délégati.csv
2020,Gabès,9.0,False,Répartition du cheptel - Gouvernorat de Gabès - Répartition du cheptel selon la race et les délégati.csv
2020,Gabès,72.0,False,Répartition du cheptel - Gouvernorat de Gabès - Répartition du cheptel selon la race et les délégati.csv
2020,Gabès,11.0,False,Répartition du cheptel - Gouvernorat de Gabès - Répartition du cheptel selon la race et les délégati.csv
2020,Gabès,303.0,False,Répartition du cheptel - Gouvernorat de Gabès - Répartition du cheptel selon la race et les délégati.csv
2020,Gabès,87.0,False,Répartition du cheptel - Gouvernorat de Gabès - Répartition du cheptel selon la race et les délégati.csv
2020,Gabès,0.0,False,Répartition du cheptel - Gouvernorat de Gabès - Répartition du cheptel selon la race et les délégati.csv
2020,Gabès,2653.0,False,Répartition du cheptel - Gouvernorat de Gabès - Répartition du cheptel selon la race et les délégati.csv
2020,Gabès,326.0,False,Répartition du cheptel - Gouvernorat de Gabès - Répartition du cheptel selon la race et les délégati.csv
2020,Gabès,217.0,False,Répartition du cheptel - Gouvernorat de Gabès - Répartition du cheptel selon la race et les délégati.csv
2020,Gabès,0.0,False,Répartition du cheptel - Gouvernorat de Gabès - Répartition du cheptel selon la race et les délégati.csv
2020,Gabès,39.0,False,Répartition du cheptel - Gouvernorat de Gabès - Répartition du cheptel selon la race et les délégati.csv
2020,Gabès,44.0,False,Répartition du cheptel - Gouvernorat de Gabès - Répartition du cheptel selon la race et les délégati.csv
2020,Gabès,0.0,False,Répartition du cheptel - Gouvernorat de Gabès - Répartition du cheptel selon la race et les délégati.csv
2020,Gabès,0.0,False,Répartition du cheptel - Gouvernorat de Gabès - Répartition du cheptel selon la race et les délégati.csv
2020,Gabès,118.0,False,Répartition du cheptel - Gouvernorat de Gabès - Répartition du cheptel selon la race et les délégati.csv
2020,Gabès,27.0,False,Répartition du cheptel - Gouvernorat de Gabès - Répartition du cheptel selon la race et les délégati.csv
2020,Gabès,0.0,False,Répartition du cheptel - Gouvernorat de Gabès - Répartition du cheptel selon la race et les délégati.csv
2020,Gabès,0.0,False,Répartition du cheptel - Gouvernorat de Gabès - Répartition du cheptel selon la race et les délégati.csv
2020,Gabès,0.0,False,Répartition du cheptel - Gouvernorat de Gabès - Répartition du cheptel selon la race et les délégati.csv
2020,Gabès,84.0,False,Répartition du cheptel - Gouvernorat de Gabès - Répartition du cheptel selon la race et les délégati.csv
2020,Gabès,237.0,False,Répartition du cheptel - Gouvernorat de Gabès - Répartition du cheptel selon la race et les délégati.csv
2020,Gabès,0.0,False,Répartition du cheptel - Gouvernorat de Gabès - Répartition du cheptel selon la race et les délégati.csv
2020,Gabès,0.0,False,Répartition du cheptel - Gouvernorat de Gabès - Répartition du cheptel selon la race et les délégati.csv
2020,Gabès,0.0,False,Répartition du cheptel - Gouvernorat de Gabès - Répartition du cheptel selon la race et les délégati.csv
2020,Gabès,0.0,False,Répartition du cheptel - Gouvernorat de Gabès - Répartition du cheptel selon la race et les délégati.csv
2020,Gabès,0.0,False,Répartition du cheptel - Gouvernorat de Gabès - Répartition du cheptel selon la race et les délégati.csv
2020,Gabès,0.0,False,Répartition du cheptel - Gouvernorat de Gabès - Répartition du cheptel selon la race et les délégati.csv
2020,Gabès,0.0,False,Répartition du cheptel - Gouvernorat de Gabès - Répartition du cheptel selon la race et les délégati.csv
2020,Gabès,0.0,False,Répartition du cheptel - Gouvernorat de Gabès - Répartition du cheptel selon la race et les délégati.csv
2020,Gabès,0.0,False,Répartition du cheptel - Gouvernorat de Gabès - Répartition du cheptel selon la race et les délégati.csv
2020,Gabès,18.0,False,Répartition du cheptel - Gouvernorat de Gabès - Répartition du cheptel selon la race et les délégati.csv
2020,Gabès,45.0,False,Répartition du cheptel - Gouvernorat de Gabès - Répartition du cheptel selon la race et les délégati.csv
2020,Gabès,174.0,False,Répartition du cheptel - Gouvernorat de Gabès - Répartition du cheptel selon la race et les délégati.csv
2020,Gabès,27.0,False,Répartition du cheptel - Gouvernorat de Gabès - Répartition du cheptel selon la race et les délégati.csv
2020,Gabès,0.0,False,Répartition du cheptel - Gouvernorat de Gabès - Répartition du cheptel selon la race et les délégati.csv
2020,Gabès,0.0,False,Répartition du cheptel - Gouvernorat de Gabès - Répartition du cheptel selon la race et les délégati.csv
2020,Gabès,0.0,False,Répartition du cheptel - Gouvernorat de Gabès - Répartition du cheptel selon la race et les délégati.csv
2020,Gabès,60.0,False,Répartition du cheptel - Gouvernorat de Gabès - Répartition du cheptel selon la race et les délégati.csv
2020,Gabès,0.0,False,Répartition du cheptel - Gouvernorat de Gabès - Répartition du cheptel selon la race et les délégati.csv
2020,Gabès,59.0,False,Répartition du cheptel - Gouvernorat de Gabès - Répartition du cheptel selon la race et les délégati.csv
2020,Gabès,68.0,False,Répartition du cheptel - Gouvernorat de Gabès - Répartition du cheptel selon la race et les délégati.csv
2020,Gabès,0.0,False,Répartition du cheptel - Gouvernorat de Gabès - Répartition du cheptel selon la race et les délégati.csv
2020,Gabès,0.0,False,Répartition du cheptel - Gouvernorat de Gabès - Répartition du cheptel selon la race et les délégati.csv
2020,Gabès,0.0,False,Répartition du cheptel - Gouvernorat de Gabès - Répartition du cheptel selon la race et les délégati.csv
2020,Gabès,0.0,False,Répartition du cheptel - Gouvernorat de Gabès - Répartition du cheptel selon la race et les délégati.csv
2020,Gabès,1.0,False,Répartition du cheptel - Gouvernorat de Gabès - Répartition du cheptel selon la race et les délégati.csv
2020,Gabès,12.0,False,Répartition du cheptel - Gouvernorat de Gabès - Répartition du cheptel selon la race et les délégati.csv
2020,Gabès,0.0,False,Répartition du cheptel - Gouvernorat de Gabès - Répartition du cheptel selon la race et les délégati.csv
2020,Gabès,0.0,False,Répartition du cheptel - Gouvernorat de Gabès - Répartition du cheptel selon la race et les délégati.csv
2020,Gabès,0.0,False,Répartition du cheptel - Gouvernorat de Gabès - Répartition du cheptel selon la race et les délégati.csv
2020,Gabès,12.0,False,Répartition du cheptel - Gouvernorat de Gabès - Répartition du cheptel selon la race et les délégati.csv
2020,Gabès,0.0,False,Répartition du cheptel - Gouvernorat de Gabès - Répartition du cheptel selon la race et les délégati.csv
2020,Gabès,399.0,False,Répartition du cheptel - Gouvernorat de Gabès - Répartition du cheptel selon la race et les délégati.csv
2020,Gabès,0.0,False,Répartition du cheptel - Gouvernorat de Gabès - Répartition du cheptel selon la race et les délégati.csv
2020,Gabès,0.0,False,Répartition du cheptel - Gouvernorat de Gabès - Répartition du cheptel selon la race et les délégati.csv
2020,Gabès,0.0,False,Répartition du cheptel - Gouvernorat de Gabès - Répartition du cheptel selon la race et les délégati.csv
2020,Gabès,2.0,False,Répartition du cheptel - Gouvernorat de Gabès - Répartition du cheptel selon la race et les délégati.csv
2020,Gabès,0.0,False,Répartition du cheptel - Gouvernorat de Gabès - Répartition du cheptel selon la race et les délégati.csv
2020,Gabès,0.0,False,Répartition du cheptel - Gouvernorat de Gabès - Répartition du cheptel selon la race et les délégati.csv
2020,Gabès,0.0,False,Répartition du cheptel - Gouvernorat de Gabès - Répartition du cheptel selon la race et les délégati.csv
2020,Gabès,0.0,False,Répartition du cheptel - Gouvernorat de Gabès - Répartition du cheptel selon la race et les délégati.csv
2020,Gabès,0.0,False,Répartition du cheptel - Gouvernorat de Gabès - Répartition du cheptel selon la race et les délégati.csv
2020,Gabès,0.0,False,Répartition du cheptel - Gouvernorat de Gabès - Répartition du cheptel selon la race et les délégati.csv
2020,Gabès,0.0,False,Répartition du cheptel - Gouvernorat de Gabès - Répartition du cheptel selon la race et les délégati.csv
2020,Gabès,0.0,False,Répartition du cheptel - Gouvernorat de Gabès - Répartition du cheptel selon la race et les délégati.csv
2021,Gabès,428.0,False,Répartition du cheptel - Gouvernorat de Gabès - Répartition du cheptel selon la race et les délégati.csv
2021,Gabès,592.0,False,Répartition du cheptel - Gouvernorat de Gabès - Répartition du cheptel selon la race et les délégati.csv
2021,Gabès,158.0,False,Répartition du cheptel - Gouvernorat de Gabès - Répartition du cheptel selon la race et les délégati.csv
2021,Gabès,0.0,False,Répartition du cheptel - Gouvernorat de Gabès - Répartition du cheptel selon la race et les délégati.csv
2021,Gabès,512.0,False,Répartition du cheptel - Gouvernorat de Gabès - Répartition du cheptel selon la race et les délégati.csv
2021,Gabès,67.0,False,Répartition du cheptel - Gouvernorat de Gabès - Répartition du cheptel selon la race et les délégati.csv
2021,Gabès,249.0,False,Répartition du cheptel - Gouvernorat de Gabès - Répartition du cheptel selon la race et les délégati.csv
2021,Gabès,0.0,False,Répartition du cheptel - Gouvernorat de Gabès - Répartition du cheptel selon la race et les délégati.csv
2021,Gabès,27.0,False,Répartition du cheptel - Gouvernorat de Gabès - Répartition du cheptel selon la race et les délégati.csv
2021,Gabès,125.0,False,Répartition du cheptel - Gouvernorat de Gabès - Répartition du cheptel selon la race et les délégati.csv
2021,Gabès,20.0,False,Répartition du cheptel - Gouvernorat de Gabès - Répartition du cheptel selon la race et les délégati.csv
2021,Gabès,0.0,False,Répartition du cheptel - Gouvernorat de Gabès - Répartition du cheptel selon la race et les délégati.csv
2021,Gabès,88.0,False,Répartition du cheptel - Gouvernorat de Gabès - Répartition du cheptel selon la race et les délégati.csv
2021,Gabès,0.0,False,Répartition du cheptel - Gouvernorat de Gabès - Répartition du cheptel selon la race et les délégati.csv
2021,Gabès,2590.0,False,Répartition du cheptel - Gouvernorat de Gabès - Répartition du cheptel selon la race et les délégati.csv
2021,Gabès,849.0,False,Répartition du cheptel - Gouvernorat de Gabès - Répartition du cheptel selon la race et les délégati.csv
2021,Gabès,191.0,False,Répartition du cheptel - Gouvernorat de Gabès - Répartition du cheptel selon la race et les délégati.csv
2021,Gabès,0.0,False,Répartition du cheptel - Gouvernorat de Gabès - Répartition du cheptel selon la race et les délégati.csv
2021,Gabès,70.0,False,Répartition du cheptel - Gouvernorat de Gabès - Répartition du cheptel selon la race et les délégati.csv
2021,Gabès,63.0,False,Répartition du cheptel - Gouvernorat de Gabès - Répartition du cheptel selon la race et les délégati.csv
2021,Gabès,0.0,False,Répartition du cheptel - Gouvernorat de Gabès - Répartition du cheptel selon la race et les délégati.csv
2021,Gabès,0.0,False,Répartition du cheptel - Gouvernorat de Gabès - Répartition du cheptel selon la race et les délégati.csv
2021,Gabès,156.0,False,Répartition du cheptel - Gouvernorat de Gabès - Répartition du cheptel selon la race et les délégati.csv
2021,Gabès,25.0,False,Répartition du cheptel - Gouvernorat de Gabès - Répartition du cheptel selon la race et les délégati.csv
2021,Gabès,0.0,False,Répartition du cheptel - Gouvernorat de Gabès - Répartition du cheptel selon la race et les délégati.csv
2021,Gabès,0.0,False,Répartition du cheptel - Gouvernorat de Gabès - Répartition du cheptel selon la race et les délégati.csv
2021,Gabès,107.0,False,Répartition du cheptel - Gouvernorat de Gabès - Répartition du cheptel selon la race et les délégati.csv
2021,Gabès,34.0,False,Répartition du cheptel - Gouvernorat de Gabès - Répartition du cheptel selon la race et les délégati.csv
2021,Gabès,198.0,False,Répartition du cheptel - Gouvernorat de Gabès - Répartition du cheptel selon la race et les délégati.csv
2021,Gabès,0.0,False,Répartition du cheptel - Gouvernorat de Gabès - Répartition du cheptel selon la race et les délégati.csv
2021,Gabès,0.0,False,Répartition du cheptel - Gouvernorat de Gabès - Répartition du cheptel selon la race et les délégati.csv
2021,Gabès,0.0,False,Répartition du cheptel - Gouvernorat de Gabès - Répartition du cheptel selon la race et les délégati.csv
2021,Gabès,0.0,False,Répartition du cheptel - Gouvernorat de Gabès - Répartition du cheptel selon la race et les délégati.csv
2021,Gabès,0.0,False,Répartition du cheptel - Gouvernorat de Gabès - Répartition du cheptel selon la race et les délégati.csv
2021,Gabès,0.0,False,Répartition du cheptel - Gouvernorat de Gabès - Répartition du cheptel selon la race et les délégati.csv
2021,Gabès,0.0,False,Répartition du cheptel - Gouvernorat de Gabès - Répartition du cheptel selon la race et les délégati.csv
2021,Gabès,0.0,False,Répartition du cheptel - Gouvernorat de Gabès - Répartition du cheptel selon la race et les délégati.csv
2021,Gabès,0.0,False,Répartition du cheptel - Gouvernorat de Gabès - Répartition du cheptel selon la race et les délégati.csv
2021,Gabès,18.0,False,Répartition du cheptel - Gouvernorat de Gabès - Répartition du cheptel selon la race et les délégati.csv
2021,Gabès,45.0,False,Répartition du cheptel - Gouvernorat de Gabès - Répartition du cheptel selon la race et les délégati.csv
2021,Gabès,0.0,False,Répartition du cheptel - Gouvernorat de Gabès - Répartition du cheptel selon la race et les délégati.csv
2021,Gabès,207.0,False,Répartition du cheptel - Gouvernorat de Gabès - Répartition du cheptel selon la race et les délégati.csv
2021,Gabès,0.0,False,Répartition du cheptel - Gouvernorat de Gabès - Répartition du cheptel selon la race et les délégati.csv
2021,Gabès,0.0,False,Répartition du cheptel - Gouvernorat de Gabès - Répartition du cheptel selon la race et les délégati.csv
2021,Gabès,0.0,False,Répartition du cheptel - Gouvernorat de Gabès - Répartition du cheptel selon la race et les délégati.csv
2021,Gabès,65.0,False,Répartition du cheptel - Gouvernorat de Gabès - Répartition du cheptel selon la race et les délégati.csv
2021,Gabès,0.0,False,Répartition du cheptel - Gouvernorat de Gabès - Répartition du cheptel selon la race et les délégati.csv
2021,Gabès,59.0,False,Répartition du cheptel - Gouvernorat de Gabès - Répartition du cheptel selon la race et les délégati.csv
2021,Gabès,68.0,False,Répartition du cheptel - Gouvernorat de Gabès - Répartition du cheptel selon la race et les délégati.csv
2021,Gabès,0.0,False,Répartition du cheptel - Gouvernorat de Gabès - Répartition du cheptel selon la race et les délégati.csv
2021,Gabès,0.0,False,Répartition du cheptel - Gouvernorat de Gabès - Répartition du cheptel selon la race et les délégati.csv
2021,Gabès,0.0,False,Répartition du cheptel - Gouvernorat de Gabès - Répartition du cheptel selon la race et les délégati.csv
2021,Gabès,0.0,False,Répartition du cheptel - Gouvernorat de Gabès - Répartition du cheptel selon la race et les délégati.csv
2021,Gabès,0.0,False,Répartition du cheptel - Gouvernorat de Gabès - Répartition du cheptel selon la race et les délégati.csv
2021,Gabès,0.0,False,Répartition du cheptel - Gouvernorat de Gabès - Répartition du cheptel selon la race et les délégati.csv
2021,Gabès,0.0,False,Répartition du cheptel - Gouvernorat de Gabès - Répartition du cheptel selon la race et les délégati.csv
2021,Gabès,0.0,False,Répartition du cheptel - Gouvernorat de Gabès - Répartition du cheptel selon la race et les délégati.csv
2021,Gabès,0.0,False,Répartition du cheptel - Gouvernorat de Gabès - Répartition du cheptel selon la race et les délégati.csv
2021,Gabès,35.0,False,Répartition du cheptel - Gouvernorat de Gabès - Répartition du cheptel selon la race et les délégati.csv
2021,Gabès,0.0,False,Répartition du cheptel - Gouvernorat de Gabès - Répartition du cheptel selon la race et les délégati.csv
2021,Gabès,396.0,False,Répartition du cheptel - Gouvernorat de Gabès - Répartition du cheptel selon la race et les délégati.csv
2021,Gabès,0.0,False,Répartition du cheptel - Gouvernorat de Gabès - Répartition du cheptel selon la race et les délégati.csv
2021,Gabès,2.0,False,Répartition du cheptel - Gouvernorat de Gabès - Répartition du cheptel selon la race et les délégati.csv
2021,Gabès,0.0,False,Répartition du cheptel - Gouvernorat de Gabès - Répartition du cheptel selon la race et les délégati.csv
2021,Gabès,0.0,False,Répartition du cheptel - Gouvernorat de Gabès - Répartition du cheptel selon la race et les délégati.csv
2021,Gabès,2.0,False,Répartition du cheptel - Gouvernorat de Gabès - Répartition du cheptel selon la race et les délégati.csv
2021,Gabès,0.0,False,Répartition du cheptel - Gouvernorat de Gabès - Répartition du cheptel selon la race et les délégati.csv
2021,Gabès,0.0,False,Répartition du cheptel - Gouvernorat de Gabès - Répartition du cheptel selon la race et les délégati.csv
2021,Gabès,0.0,False,Répartition du cheptel - Gouvernorat de Gabès - Répartition du cheptel selon la race et les délégati.csv
2021,Gabès,0.0,False,Répartition du cheptel - Gouvernorat de Gabès - Répartition du cheptel selon la race et les délégati.csv
2021,Gabès,0.0,False,Répartition du cheptel - Gouvernorat de Gabès - Répartition du cheptel selon la race et les délégati.csv
2021,Gabès,0.0,False,Répartition du cheptel - Gouvernorat de Gabès - Répartition du cheptel selon la race et les délégati.csv
2021,Gabès,0.0,False,Répartition du cheptel - Gouvernorat de Gabès - Répartition du cheptel selon la race et les délégati.csv
2024,Gabès,2399.0,False,Répartition du cheptel - Gouvernorat de Gabès - Répartition du cheptel (têtes) 2024.csv
2024,Gabès,1122.0,False,Répartition du cheptel - Gouvernorat de Gabès - Répartition du cheptel (têtes) 2024.csv
2024,Gabès,3991.0,False,Répartition du cheptel - Gouvernorat de Gabès - Répartition du cheptel (têtes) 2024.csv
2024,Gabès,206.0,False,Répartition du cheptel - Gouvernorat de Gabès - Répartition du cheptel (têtes) 2024.csv
2024,Gabès,190.0,False,Répartition du cheptel - Gouvernorat de Gabès - Répartition du cheptel (têtes) 2024.csv
2024,Gabès,51.0,False,Répartition du cheptel - Gouvernorat de Gabès - Répartition du cheptel (têtes) 2024.csv
2024,Gabès,0.0,False,Répartition du cheptel - Gouvernorat de Gabès - Répartition du cheptel (têtes) 2024.csv
2024,Gabès,366.0,False,Répartition du cheptel - Gouvernorat de Gabès - Répartition du cheptel (têtes) 2024.csv
2024,Gabès,135.0,False,Répartition du cheptel - Gouvernorat de Gabès - Répartition du cheptel (têtes) 2024.csv
2024,Gabès,0.0,False,Répartition du cheptel - Gouvernorat de Gabès - Répartition du cheptel (têtes) 2024.csv
2024,Gabès,6.0,False,Répartition du cheptel - Gouvernorat de Gabès - Répartition du cheptel (têtes) 2024.csv
2024,Gabès,374.0,False,Répartition du cheptel - Gouvernorat de Gabès - Répartition du cheptel (têtes) 2024.csv
2024,Gabès,0.0,False,Répartition du cheptel - Gouvernorat de Gabès - Répartition du cheptel (têtes) 2024.csv
2024,Gabès,8840.0,False,Répartition du cheptel - Gouvernorat de Gabès - Répartition du cheptel (têtes) 2024.csv
2022,National/Inconnu,82.0,False,Registre National Cheptel.csv
2022,National/Inconnu,7.0,False,Registre National Cheptel.csv
2022,National/Inconnu,17.0,False,Registre National Cheptel.csv
2022,National/Inconnu,64.0,False,Registre National Cheptel.csv
2022,National/Inconnu,134.0,False,Registre National Cheptel.csv
2022,National/Inconnu,10.0,False,Registre National Cheptel.csv
2022,National/Inconnu,0.0,False,Registre National Cheptel.csv
2022,National/Inconnu,314.0,False,Registre National Cheptel.csv
2023,National/Inconnu,130.0,False,Registre National Cheptel.csv
2023,National/Inconnu,6.0,False,Registre National Cheptel.csv
2023,National/Inconnu,76.0,False,Registre National Cheptel.csv
2023,National/Inconnu,23.0,False,Registre National Cheptel.csv
2023,National/Inconnu,73.0,False,Registre National Cheptel.csv
2023,National/Inconnu,36.0,False,Registre National Cheptel.csv
2023,National/Inconnu,6.0,False,Registre National Cheptel.csv
2023,National/Inconnu,350.0,False,Registre National Cheptel.csv
2020,Béja,40000.0,False,Production animale et effectif du cheptel - Gouvernorat de Béja - Evolution du Cheptel selon l'Espèc.csv
2020,Béja,35000.0,False,Production animale et effectif du cheptel - Gouvernorat de Béja - Evolution du Cheptel selon l'Espèc.csv
2020,Béja,45000.0,False,Production animale et effectif du cheptel - Gouvernorat de Béja - Evolution du Cheptel selon l'Espèc.csv
2020,Béja,58000.0,False,Production animale et effectif du cheptel - Gouvernorat de Béja - Evolution du Cheptel selon l'Espèc.csv
2020,Béja,30000.0,False,Production animale et effectif du cheptel - Gouvernorat de Béja - Evolution du Cheptel selon l'Espèc.csv
2020,Béja,40000.0,False,Production animale et effectif du cheptel - Gouvernorat de Béja - Evolution du Cheptel selon l'Espèc.csv
2020,Béja,7000.0,False,Production animale et effectif du cheptel - Gouvernorat de Béja - Evolution du Cheptel selon l'Espèc.csv
2020,Béja,22000.0,False,Production animale et effectif du cheptel - Gouvernorat de Béja - Evolution du Cheptel selon l'Espèc.csv
2020,Béja,23000.0,False,Production animale et effectif du cheptel - Gouvernorat de Béja - Evolution du Cheptel selon l'Espèc.csv
2020,Béja,300000.0,False,Production animale et effectif du cheptel - Gouvernorat de Béja - Evolution du Cheptel selon l'Espèc.csv
2021,Béja,45000.0,False,Production animale et effectif du cheptel - Gouvernorat de Béja - Evolution du Cheptel selon l'Espèc.csv
2021,Béja,35000.0,False,Production animale et effectif du cheptel - Gouvernorat de Béja - Evolution du Cheptel selon l'Espèc.csv
2021,Béja,45000.0,False,Production animale et effectif du cheptel - Gouvernorat de Béja - Evolution du Cheptel selon l'Espèc.csv
2021,Béja,58000.0,False,Production animale et effectif du cheptel - Gouvernorat de Béja - Evolution du Cheptel selon l'Espèc.csv
2021,Béja,32000.0,False,Production animale et effectif du cheptel - Gouvernorat de Béja - Evolution du Cheptel selon l'Espèc.csv
2021,Béja,40000.0,False,Production animale et effectif du cheptel - Gouvernorat de Béja - Evolution du Cheptel selon l'Espèc.csv
2021,Béja,7500.0,False,Production animale et effectif du cheptel - Gouvernorat de Béja - Evolution du Cheptel selon l'Espèc.csv
2021,Béja,25000.0,False,Production animale et effectif du cheptel - Gouvernorat de Béja - Evolution du Cheptel selon l'Espèc.csv
2021,Béja,27500.0,False,Production animale et effectif du cheptel - Gouvernorat de Béja - Evolution du Cheptel selon l'Espèc.csv
2021,Béja,315000.0,False,Production animale et effectif du cheptel - Gouvernorat de Béja - Evolution du Cheptel selon l'Espèc.csv
2022,Béja,45000.0,False,Production animale et effectif du cheptel - Gouvernorat de Béja - Evolution du Cheptel selon l'Espèc.csv
2022,Béja,35000.0,False,Production animale et effectif du cheptel - Gouvernorat de Béja - Evolution du Cheptel selon l'Espèc.csv
2022,Béja,45000.0,False,Production animale et effectif du cheptel - Gouvernorat de Béja - Evolution du Cheptel selon l'Espèc.csv
2022,Béja,58000.0,False,Production animale et effectif du cheptel - Gouvernorat de Béja - Evolution du Cheptel selon l'Espèc.csv
2022,Béja,32000.0,False,Production animale et effectif du cheptel - Gouvernorat de Béja - Evolution du Cheptel selon l'Espèc.csv
2022,Béja,40000.0,False,Production animale et effectif du cheptel - Gouvernorat de Béja - Evolution du Cheptel selon l'Espèc.csv
2022,Béja,7500.0,False,Production animale et effectif du cheptel - Gouvernorat de Béja - Evolution du Cheptel selon l'Espèc.csv
2022,Béja,25000.0,False,Production animale et effectif du cheptel - Gouvernorat de Béja - Evolution du Cheptel selon l'Espèc.csv
2022,Béja,27500.0,False,Production animale et effectif du cheptel - Gouvernorat de Béja - Evolution du Cheptel selon l'Espèc.csv
2022,Béja,315000.0,False,Production animale et effectif du cheptel - Gouvernorat de Béja - Evolution du Cheptel selon l'Espèc.csv
2023,Béja,43000.0,False,Production animale et effectif du cheptel - Gouvernorat de Béja - Evolution du Cheptel selon l'Espèc.csv
2023,Béja,33000.0,False,Production animale et effectif du cheptel - Gouvernorat de Béja - Evolution du Cheptel selon l'Espèc.csv
2023,Béja,43000.0,False,Production animale et effectif du cheptel - Gouvernorat de Béja - Evolution du Cheptel selon l'Espèc.csv
2023,Béja,58000.0,False,Production animale et effectif du cheptel - Gouvernorat de Béja - Evolution du Cheptel selon l'Espèc.csv
2023,Béja,31000.0,False,Production animale et effectif du cheptel - Gouvernorat de Béja - Evolution du Cheptel selon l'Espèc.csv
2023,Béja,38000.0,False,Production animale et effectif du cheptel - Gouvernorat de Béja - Evolution du Cheptel selon l'Espèc.csv
2023,Béja,7000.0,False,Production animale et effectif du cheptel - Gouvernorat de Béja - Evolution du Cheptel selon l'Espèc.csv
2023,Béja,24000.0,False,Production animale et effectif du cheptel - Gouvernorat de Béja - Evolution du Cheptel selon l'Espèc.csv
2023,Béja,25000.0,False,Production animale et effectif du cheptel - Gouvernorat de Béja - Evolution du Cheptel selon l'Espèc.csv
2023,Béja,302000.0,False,Production animale et effectif du cheptel - Gouvernorat de Béja - Evolution du Cheptel selon l'Espèc.csv
2024,Béja,42000.0,False,Production animale et effectif du cheptel - Gouvernorat de Béja - Evolution du Cheptel selon l'Espèc.csv
2024,Béja,32000.0,False,Production animale et effectif du cheptel - Gouvernorat de Béja - Evolution du Cheptel selon l'Espèc.csv
2024,Béja,43000.0,False,Production animale et effectif du cheptel - Gouvernorat de Béja - Evolution du Cheptel selon l'Espèc.csv
2024,Béja,58000.0,False,Production animale et effectif du cheptel - Gouvernorat de Béja - Evolution du Cheptel selon l'Espèc.csv
2024,Béja,31000.0,False,Production animale et effectif du cheptel - Gouvernorat de Béja - Evolution du Cheptel selon l'Espèc.csv
2024,Béja,38000.0,False,Production animale et effectif du cheptel - Gouvernorat de Béja - Evolution du Cheptel selon l'Espèc.csv
2024,Béja,7000.0,False,Production animale et effectif du cheptel - Gouvernorat de Béja - Evolution du Cheptel selon l'Espèc.csv
2024,Béja,24000.0,False,Production animale et effectif du cheptel - Gouvernorat de Béja - Evolution du Cheptel selon l'Espèc.csv
2024,Béja,25000.0,False,Production animale et effectif du cheptel - Gouvernorat de Béja - Evolution du Cheptel selon l'Espèc.csv
2024,Béja,300000.0,False,Production animale et effectif du cheptel - Gouvernorat de Béja - Evolution du Cheptel selon l'Espèc.csv
2022,Nabeul,3600.0,False,Evolution du Cheptel selon l'Espèce (2022-2024) - Gouvernorat de Nabeul - Evolution du Cheptel selon.csv
2023,Nabeul,3200.0,False,Evolution du Cheptel selon l'Espèce (2022-2024) - Gouvernorat de Nabeul - Evolution du Cheptel selon.csv
2024,Nabeul,3195.0,False,Evolution du Cheptel selon l'Espèce (2022-2024) - Gouvernorat de Nabeul - Evolution du Cheptel selon.csv
2021,Zaghouan,1415.0,True,Evolution du Cheptel selon l'Espèce ( femelle productive) - Gouvernorat de Zaghouan - Evolution du C.csv
2021,Zaghouan,1215.0,True,Evolution du Cheptel selon l'Espèce ( femelle productive) - Gouvernorat de Zaghouan - Evolution du C.csv
2021,Zaghouan,2830.0,True,Evolution du Cheptel selon l'Espèce ( femelle productive) - Gouvernorat de Zaghouan - Evolution du C.csv
2021,Zaghouan,3180.0,True,Evolution du Cheptel selon l'Espèce ( femelle productive) - Gouvernorat de Zaghouan - Evolution du C.csv
2021,Zaghouan,815.0,True,Evolution du Cheptel selon l'Espèce ( femelle productive) - Gouvernorat de Zaghouan - Evolution du C.csv
2021,Zaghouan,695.0,True,Evolution du Cheptel selon l'Espèce ( femelle productive) - Gouvernorat de Zaghouan - Evolution du C.csv
2021,Zaghouan,10150.0,True,Evolution du Cheptel selon l'Espèce ( femelle productive) - Gouvernorat de Zaghouan - Evolution du C.csv
2022,Zaghouan,1380.0,True,Evolution du Cheptel selon l'Espèce ( femelle productive) - Gouvernorat de Zaghouan - Evolution du C.csv
2022,Zaghouan,1190.0,True,Evolution du Cheptel selon l'Espèce ( femelle productive) - Gouvernorat de Zaghouan - Evolution du C.csv
2022,Zaghouan,2750.0,True,Evolution du Cheptel selon l'Espèce ( femelle productive) - Gouvernorat de Zaghouan - Evolution du C.csv
2022,Zaghouan,3100.0,True,Evolution du Cheptel selon l'Espèce ( femelle productive) - Gouvernorat de Zaghouan - Evolution du C.csv
2022,Zaghouan,800.0,True,Evolution du Cheptel selon l'Espèce ( femelle productive) - Gouvernorat de Zaghouan - Evolution du C.csv
2022,Zaghouan,680.0,True,Evolution du Cheptel selon l'Espèce ( femelle productive) - Gouvernorat de Zaghouan - Evolution du C.csv
2022,Zaghouan,9900.0,True,Evolution du Cheptel selon l'Espèce ( femelle productive) - Gouvernorat de Zaghouan - Evolution du C.csv
2023,Zaghouan,1330.0,True,Evolution du Cheptel selon l'Espèce ( femelle productive) - Gouvernorat de Zaghouan - Evolution du C.csv
2023,Zaghouan,1130.0,True,Evolution du Cheptel selon l'Espèce ( femelle productive) - Gouvernorat de Zaghouan - Evolution du C.csv
2023,Zaghouan,2640.0,True,Evolution du Cheptel selon l'Espèce ( femelle productive) - Gouvernorat de Zaghouan - Evolution du C.csv
2023,Zaghouan,2970.0,True,Evolution du Cheptel selon l'Espèce ( femelle productive) - Gouvernorat de Zaghouan - Evolution du C.csv
2023,Zaghouan,770.0,True,Evolution du Cheptel selon l'Espèce ( femelle productive) - Gouvernorat de Zaghouan - Evolution du C.csv
2023,Zaghouan,660.0,True,Evolution du Cheptel selon l'Espèce ( femelle productive) - Gouvernorat de Zaghouan - Evolution du C.csv
2023,Zaghouan,9500.0,True,Evolution du Cheptel selon l'Espèce ( femelle productive) - Gouvernorat de Zaghouan - Evolution du C.csv
2024,Zaghouan,940.0,True,Evolution du Cheptel selon l'Espèce ( femelle productive) - Gouvernorat de Zaghouan - Evolution du C.csv
2024,Zaghouan,795.0,True,Evolution du Cheptel selon l'Espèce ( femelle productive) - Gouvernorat de Zaghouan - Evolution du C.csv
2024,Zaghouan,1860.0,True,Evolution du Cheptel selon l'Espèce ( femelle productive) - Gouvernorat de Zaghouan - Evolution du C.csv
2024,Zaghouan,2095.0,True,Evolution du Cheptel selon l'Espèce ( femelle productive) - Gouvernorat de Zaghouan - Evolution du C.csv
2024,Zaghouan,545.0,True,Evolution du Cheptel selon l'Espèce ( femelle productive) - Gouvernorat de Zaghouan - Evolution du C.csv
2024,Zaghouan,465.0,True,Evolution du Cheptel selon l'Espèce ( femelle productive) - Gouvernorat de Zaghouan - Evolution du C.csv
2024,Zaghouan,6700.0,True,Evolution du Cheptel selon l'Espèce ( femelle productive) - Gouvernorat de Zaghouan - Evolution du C.csv
2018,Sfax,1280.0,True,Evolution du Cheptel selon l'Espèce ( femelle productive) - Gouvernorat de Sfax - Evolution du Chept.csv
2018,Sfax,33.0,True,Evolution du Cheptel selon l'Espèce ( femelle productive) - Gouvernorat de Sfax - Evolution du Chept.csv
2019,Sfax,1350.0,True,Evolution du Cheptel selon l'Espèce ( femelle productive) - Gouvernorat de Sfax - Evolution du Chept.csv
2019,Sfax,34.65,True,Evolution du Cheptel selon l'Espèce ( femelle productive) - Gouvernorat de Sfax - Evolution du Chept.csv
2020,Sfax,1300.0,True,Evolution du Cheptel selon l'Espèce ( femelle productive) - Gouvernorat de Sfax - Evolution du Chept.csv
2020,Sfax,40.0,True,Evolution du Cheptel selon l'Espèce ( femelle productive) - Gouvernorat de Sfax - Evolution du Chept.csv
2023,Sfax,1265.0,True,Evolution du Cheptel selon l'Espèce ( femelle productive) - Gouvernorat de Sfax - Evolution du Chept.csv
2023,Sfax,0.0,True,Evolution du Cheptel selon l'Espèce ( femelle productive) - Gouvernorat de Sfax - Evolution du Chept.csv
2024,Sfax,800.0,True,Evolution du Cheptel selon l'Espèce ( femelle productive) - Gouvernorat de Sfax - Evolution du Chept.csv
2024,Sfax,40.0,True,Evolution du Cheptel selon l'Espèce ( femelle productive) - Gouvernorat de Sfax - Evolution du Chept.csv
2020,Tunis,8.0,False,Evolution du Cheptel selon l'Espèce - Gouvernorat de Tunis - Evolution du Cheptel selon l'Espèce - G.csv
2020,Tunis,12.0,False,Evolution du Cheptel selon l'Espèce - Gouvernorat de Tunis - Evolution du Cheptel selon l'Espèce - G.csv
2020,Tunis,16.0,False,Evolution du Cheptel selon l'Espèce - Gouvernorat de Tunis - Evolution du Cheptel selon l'Espèce - G.csv
2020,Tunis,0.0,False,Evolution du Cheptel selon l'Espèce - Gouvernorat de Tunis - Evolution du Cheptel selon l'Espèce - G.csv
2020,Tunis,332.0,False,Evolution du Cheptel selon l'Espèce - Gouvernorat de Tunis - Evolution du Cheptel selon l'Espèce - G.csv
2020,Tunis,2292.0,False,Evolution du Cheptel selon l'Espèce - Gouvernorat de Tunis - Evolution du Cheptel selon l'Espèce - G.csv
2020,Tunis,4.0,False,Evolution du Cheptel selon l'Espèce - Gouvernorat de Tunis - Evolution du Cheptel selon l'Espèce - G.csv
2020,Tunis,132.0,False,Evolution du Cheptel selon l'Espèce - Gouvernorat de Tunis - Evolution du Cheptel selon l'Espèce - G.csv
2020,Tunis,8.0,False,Evolution du Cheptel selon l'Espèce - Gouvernorat de Tunis - Evolution du Cheptel selon l'Espèce - G.csv
2020,Tunis,6.0,False,Evolution du Cheptel selon l'Espèce - Gouvernorat de Tunis - Evolution du Cheptel selon l'Espèce - G.csv
2020,Tunis,88.0,False,Evolution du Cheptel selon l'Espèce - Gouvernorat de Tunis - Evolution du Cheptel selon l'Espèce - G.csv
2020,Tunis,535.0,False,Evolution du Cheptel selon l'Espèce - Gouvernorat de Tunis - Evolution du Cheptel selon l'Espèce - G.csv
2020,Tunis,3440.0,False,Evolution du Cheptel selon l'Espèce - Gouvernorat de Tunis - Evolution du Cheptel selon l'Espèce - G.csv
2021,Tunis,8.0,False,Evolution du Cheptel selon l'Espèce - Gouvernorat de Tunis - Evolution du Cheptel selon l'Espèce - G.csv
2021,Tunis,10.0,False,Evolution du Cheptel selon l'Espèce - Gouvernorat de Tunis - Evolution du Cheptel selon l'Espèce - G.csv
2021,Tunis,13.0,False,Evolution du Cheptel selon l'Espèce - Gouvernorat de Tunis - Evolution du Cheptel selon l'Espèce - G.csv
2021,Tunis,6.0,False,Evolution du Cheptel selon l'Espèce - Gouvernorat de Tunis - Evolution du Cheptel selon l'Espèce - G.csv
2021,Tunis,310.0,False,Evolution du Cheptel selon l'Espèce - Gouvernorat de Tunis - Evolution du Cheptel selon l'Espèce - G.csv
2021,Tunis,2040.0,False,Evolution du Cheptel selon l'Espèce - Gouvernorat de Tunis - Evolution du Cheptel selon l'Espèce - G.csv
2021,Tunis,4.0,False,Evolution du Cheptel selon l'Espèce - Gouvernorat de Tunis - Evolution du Cheptel selon l'Espèce - G.csv
2021,Tunis,120.0,False,Evolution du Cheptel selon l'Espèce - Gouvernorat de Tunis - Evolution du Cheptel selon l'Espèce - G.csv
2021,Tunis,8.0,False,Evolution du Cheptel selon l'Espèce - Gouvernorat de Tunis - Evolution du Cheptel selon l'Espèce - G.csv
2021,Tunis,0.0,False,Evolution du Cheptel selon l'Espèce - Gouvernorat de Tunis - Evolution du Cheptel selon l'Espèce - G.csv
2021,Tunis,80.0,False,Evolution du Cheptel selon l'Espèce - Gouvernorat de Tunis - Evolution du Cheptel selon l'Espèce - G.csv
2021,Tunis,495.0,False,Evolution du Cheptel selon l'Espèce - Gouvernorat de Tunis - Evolution du Cheptel selon l'Espèce - G.csv
2021,Tunis,3100.0,False,Evolution du Cheptel selon l'Espèce - Gouvernorat de Tunis - Evolution du Cheptel selon l'Espèce - G.csv
2022,Tunis,8.0,False,Evolution du Cheptel selon l'Espèce - Gouvernorat de Tunis - Evolution du Cheptel selon l'Espèce - G.csv
2022,Tunis,10.0,False,Evolution du Cheptel selon l'Espèce - Gouvernorat de Tunis - Evolution du Cheptel selon l'Espèce - G.csv
2022,Tunis,6.0,False,Evolution du Cheptel selon l'Espèce - Gouvernorat de Tunis - Evolution du Cheptel selon l'Espèce - G.csv
2022,Tunis,12.0,False,Evolution du Cheptel selon l'Espèce - Gouvernorat de Tunis - Evolution du Cheptel selon l'Espèce - G.csv
2022,Tunis,6.0,False,Evolution du Cheptel selon l'Espèce - Gouvernorat de Tunis - Evolution du Cheptel selon l'Espèce - G.csv
2022,Tunis,290.0,False,Evolution du Cheptel selon l'Espèce - Gouvernorat de Tunis - Evolution du Cheptel selon l'Espèce - G.csv
2022,Tunis,1955.0,False,Evolution du Cheptel selon l'Espèce - Gouvernorat de Tunis - Evolution du Cheptel selon l'Espèce - G.csv
2022,Tunis,4.0,False,Evolution du Cheptel selon l'Espèce - Gouvernorat de Tunis - Evolution du Cheptel selon l'Espèce - G.csv
2022,Tunis,120.0,False,Evolution du Cheptel selon l'Espèce - Gouvernorat de Tunis - Evolution du Cheptel selon l'Espèce - G.csv
2022,Tunis,8.0,False,Evolution du Cheptel selon l'Espèce - Gouvernorat de Tunis - Evolution du Cheptel selon l'Espèce - G.csv
2022,Tunis,0.0,False,Evolution du Cheptel selon l'Espèce - Gouvernorat de Tunis - Evolution du Cheptel selon l'Espèce - G.csv
2022,Tunis,60.0,False,Evolution du Cheptel selon l'Espèce - Gouvernorat de Tunis - Evolution du Cheptel selon l'Espèce - G.csv
2022,Tunis,471.0,False,Evolution du Cheptel selon l'Espèce - Gouvernorat de Tunis - Evolution du Cheptel selon l'Espèce - G.csv
2022,Tunis,2950.0,False,Evolution du Cheptel selon l'Espèce - Gouvernorat de Tunis - Evolution du Cheptel selon l'Espèce - G.csv
2023,Tunis,0.0,False,Evolution du Cheptel selon l'Espèce - Gouvernorat de Tunis - Evolution du Cheptel selon l'Espèce - G.csv
2023,Tunis,10.0,False,Evolution du Cheptel selon l'Espèce - Gouvernorat de Tunis - Evolution du Cheptel selon l'Espèce - G.csv
2023,Tunis,6.0,False,Evolution du Cheptel selon l'Espèce - Gouvernorat de Tunis - Evolution du Cheptel selon l'Espèce - G.csv
2023,Tunis,0.0,False,Evolution du Cheptel selon l'Espèce - Gouvernorat de Tunis - Evolution du Cheptel selon l'Espèce - G.csv
2023,Tunis,6.0,False,Evolution du Cheptel selon l'Espèce - Gouvernorat de Tunis - Evolution du Cheptel selon l'Espèce - G.csv
2023,Tunis,290.0,False,Evolution du Cheptel selon l'Espèce - Gouvernorat de Tunis - Evolution du Cheptel selon l'Espèce - G.csv
2023,Tunis,1915.0,False,Evolution du Cheptel selon l'Espèce - Gouvernorat de Tunis - Evolution du Cheptel selon l'Espèce - G.csv
2023,Tunis,4.0,False,Evolution du Cheptel selon l'Espèce - Gouvernorat de Tunis - Evolution du Cheptel selon l'Espèce - G.csv
2023,Tunis,100.0,False,Evolution du Cheptel selon l'Espèce - Gouvernorat de Tunis - Evolution du Cheptel selon l'Espèce - G.csv
2023,Tunis,8.0,False,Evolution du Cheptel selon l'Espèce - Gouvernorat de Tunis - Evolution du Cheptel selon l'Espèce - G.csv
2023,Tunis,17.0,False,Evolution du Cheptel selon l'Espèce - Gouvernorat de Tunis - Evolution du Cheptel selon l'Espèce - G.csv
2023,Tunis,80.0,False,Evolution du Cheptel selon l'Espèce - Gouvernorat de Tunis - Evolution du Cheptel selon l'Espèce - G.csv
2023,Tunis,424.0,False,Evolution du Cheptel selon l'Espèce - Gouvernorat de Tunis - Evolution du Cheptel selon l'Espèce - G.csv
2023,Tunis,2860.0,False,Evolution du Cheptel selon l'Espèce - Gouvernorat de Tunis - Evolution du Cheptel selon l'Espèce - G.csv
2024,Tunis,0.0,False,Evolution du Cheptel selon l'Espèce - Gouvernorat de Tunis - Evolution du Cheptel selon l'Espèce - G.csv
2024,Tunis,14.0,False,Evolution du Cheptel selon l'Espèce - Gouvernorat de Tunis - Evolution du Cheptel selon l'Espèce - G.csv
2024,Tunis,6.0,False,Evolution du Cheptel selon l'Espèce - Gouvernorat de Tunis - Evolution du Cheptel selon l'Espèce - G.csv
2024,Tunis,0.0,False,Evolution du Cheptel selon l'Espèce - Gouvernorat de Tunis - Evolution du Cheptel selon l'Espèce - G.csv
2024,Tunis,4.0,False,Evolution du Cheptel selon l'Espèce - Gouvernorat de Tunis - Evolution du Cheptel selon l'Espèce - G.csv
2024,Tunis,288.0,False,Evolution du Cheptel selon l'Espèce - Gouvernorat de Tunis - Evolution du Cheptel selon l'Espèce - G.csv
2024,Tunis,1910.0,False,Evolution du Cheptel selon l'Espèce - Gouvernorat de Tunis - Evolution du Cheptel selon l'Espèce - G.csv
2024,Tunis,0.0,False,Evolution du Cheptel selon l'Espèce - Gouvernorat de Tunis - Evolution du Cheptel selon l'Espèce - G.csv
2024,Tunis,80.0,False,Evolution du Cheptel selon l'Espèce - Gouvernorat de Tunis - Evolution du Cheptel selon l'Espèce - G.csv
2024,Tunis,8.0,False,Evolution du Cheptel selon l'Espèce - Gouvernorat de Tunis - Evolution du Cheptel selon l'Espèce - G.csv
2024,Tunis,16.0,False,Evolution du Cheptel selon l'Espèce - Gouvernorat de Tunis - Evolution du Cheptel selon l'Espèce - G.csv
2024,Tunis,72.0,False,Evolution du Cheptel selon l'Espèce - Gouvernorat de Tunis - Evolution du Cheptel selon l'Espèce - G.csv
2024,Tunis,252.0,False,Evolution du Cheptel selon l'Espèce - Gouvernorat de Tunis - Evolution du Cheptel selon l'Espèce - G.csv
2024,Tunis,2650.0,False,Evolution du Cheptel selon l'Espèce - Gouvernorat de Tunis - Evolution du Cheptel selon l'Espèce - G.csv
2016,La Manouba,1536.0,False,Evolution de l'effectif du cheptel ovin et caprin - Gouvernorat de Manouba - Evolution de l'effectif.csv
2016,La Manouba,1109.0,False,Evolution de l'effectif du cheptel ovin et caprin - Gouvernorat de Manouba - Evolution de l'effectif.csv
2016,La Manouba,5003.0,False,Evolution de l'effectif du cheptel ovin et caprin - Gouvernorat de Manouba - Evolution de l'effectif.csv
2016,La Manouba,14363.0,False,Evolution de l'effectif du cheptel ovin et caprin - Gouvernorat de Manouba - Evolution de l'effectif.csv
2016,La Manouba,15827.0,False,Evolution de l'effectif du cheptel ovin et caprin - Gouvernorat de Manouba - Evolution de l'effectif.csv
2016,La Manouba,12184.0,False,Evolution de l'effectif du cheptel ovin et caprin - Gouvernorat de Manouba - Evolution de l'effectif.csv
2016,La Manouba,13441.0,False,Evolution de l'effectif du cheptel ovin et caprin - Gouvernorat de Manouba - Evolution de l'effectif.csv
2016,La Manouba,18537.0,False,Evolution de l'effectif du cheptel ovin et caprin - Gouvernorat de Manouba - Evolution de l'effectif.csv
2017,La Manouba,1612.0,False,Evolution de l'effectif du cheptel ovin et caprin - Gouvernorat de Manouba - Evolution de l'effectif.csv
2017,La Manouba,1163.0,False,Evolution de l'effectif du cheptel ovin et caprin - Gouvernorat de Manouba - Evolution de l'effectif.csv
2017,La Manouba,5247.0,False,Evolution de l'effectif du cheptel ovin et caprin - Gouvernorat de Manouba - Evolution de l'effectif.csv
2017,La Manouba,15074.0,False,Evolution de l'effectif du cheptel ovin et caprin - Gouvernorat de Manouba - Evolution de l'effectif.csv
2017,La Manouba,16588.0,False,Evolution de l'effectif du cheptel ovin et caprin - Gouvernorat de Manouba - Evolution de l'effectif.csv
2017,La Manouba,12778.0,False,Evolution de l'effectif du cheptel ovin et caprin - Gouvernorat de Manouba - Evolution de l'effectif.csv
2017,La Manouba,14097.0,False,Evolution de l'effectif du cheptel ovin et caprin - Gouvernorat de Manouba - Evolution de l'effectif.csv
2017,La Manouba,19441.0,False,Evolution de l'effectif du cheptel ovin et caprin - Gouvernorat de Manouba - Evolution de l'effectif.csv
2018,La Manouba,1032.0,False,Evolution de l'effectif du cheptel ovin et caprin - Gouvernorat de Manouba - Evolution de l'effectif.csv
2018,La Manouba,1931.0,False,Evolution de l'effectif du cheptel ovin et caprin - Gouvernorat de Manouba - Evolution de l'effectif.csv
2018,La Manouba,5007.0,False,Evolution de l'effectif du cheptel ovin et caprin - Gouvernorat de Manouba - Evolution de l'effectif.csv
2018,La Manouba,17502.0,False,Evolution de l'effectif du cheptel ovin et caprin - Gouvernorat de Manouba - Evolution de l'effectif.csv
2018,La Manouba,21023.0,False,Evolution de l'effectif du cheptel ovin et caprin - Gouvernorat de Manouba - Evolution de l'effectif.csv
2018,La Manouba,15273.0,False,Evolution de l'effectif du cheptel ovin et caprin - Gouvernorat de Manouba - Evolution de l'effectif.csv
2018,La Manouba,20266.0,False,Evolution de l'effectif du cheptel ovin et caprin - Gouvernorat de Manouba - Evolution de l'effectif.csv
2018,La Manouba,16666.0,False,Evolution de l'effectif du cheptel ovin et caprin - Gouvernorat de Manouba - Evolution de l'effectif.csv
2019,La Manouba,1120.0,False,Evolution de l'effectif du cheptel ovin et caprin - Gouvernorat de Manouba - Evolution de l'effectif.csv
2019,La Manouba,1549.0,False,Evolution de l'effectif du cheptel ovin et caprin - Gouvernorat de Manouba - Evolution de l'effectif.csv
2019,La Manouba,5741.0,False,Evolution de l'effectif du cheptel ovin et caprin - Gouvernorat de Manouba - Evolution de l'effectif.csv
2019,La Manouba,17791.0,False,Evolution de l'effectif du cheptel ovin et caprin - Gouvernorat de Manouba - Evolution de l'effectif.csv
2019,La Manouba,22346.0,False,Evolution de l'effectif du cheptel ovin et caprin - Gouvernorat de Manouba - Evolution de l'effectif.csv
2019,La Manouba,19629.0,False,Evolution de l'effectif du cheptel ovin et caprin - Gouvernorat de Manouba - Evolution de l'effectif.csv
2019,La Manouba,23012.0,False,Evolution de l'effectif du cheptel ovin et caprin - Gouvernorat de Manouba - Evolution de l'effectif.csv
2019,La Manouba,14812.0,False,Evolution de l'effectif du cheptel ovin et caprin - Gouvernorat de Manouba - Evolution de l'effectif.csv
2020,La Manouba,1456.0,False,Evolution de l'effectif du cheptel ovin et caprin - Gouvernorat de Manouba - Evolution de l'effectif.csv
2020,La Manouba,1726.0,False,Evolution de l'effectif du cheptel ovin et caprin - Gouvernorat de Manouba - Evolution de l'effectif.csv
2020,La Manouba,7889.0,False,Evolution de l'effectif du cheptel ovin et caprin - Gouvernorat de Manouba - Evolution de l'effectif.csv
2020,La Manouba,25339.0,False,Evolution de l'effectif du cheptel ovin et caprin - Gouvernorat de Manouba - Evolution de l'effectif.csv
2020,La Manouba,22569.0,False,Evolution de l'effectif du cheptel ovin et caprin - Gouvernorat de Manouba - Evolution de l'effectif.csv
2020,La Manouba,19632.0,False,Evolution de l'effectif du cheptel ovin et caprin - Gouvernorat de Manouba - Evolution de l'effectif.csv
2020,La Manouba,24334.0,False,Evolution de l'effectif du cheptel ovin et caprin - Gouvernorat de Manouba - Evolution de l'effectif.csv
2020,La Manouba,17055.0,False,Evolution de l'effectif du cheptel ovin et caprin - Gouvernorat de Manouba - Evolution de l'effectif.csv
2021,La Manouba,1407.0,False,Evolution de l'effectif du cheptel ovin et caprin - Gouvernorat de Manouba - Evolution de l'effectif.csv
2021,La Manouba,3107.0,False,Evolution de l'effectif du cheptel ovin et caprin - Gouvernorat de Manouba - Evolution de l'effectif.csv
2021,La Manouba,10669.0,False,Evolution de l'effectif du cheptel ovin et caprin - Gouvernorat de Manouba - Evolution de l'effectif.csv
2021,La Manouba,17595.0,False,Evolution de l'effectif du cheptel ovin et caprin - Gouvernorat de Manouba - Evolution de l'effectif.csv
2021,La Manouba,26637.0,False,Evolution de l'effectif du cheptel ovin et caprin - Gouvernorat de Manouba - Evolution de l'effectif.csv
2021,La Manouba,19498.0,False,Evolution de l'effectif du cheptel ovin et caprin - Gouvernorat de Manouba - Evolution de l'effectif.csv
2021,La Manouba,32286.0,False,Evolution de l'effectif du cheptel ovin et caprin - Gouvernorat de Manouba - Evolution de l'effectif.csv
2021,La Manouba,15801.0,False,Evolution de l'effectif du cheptel ovin et caprin - Gouvernorat de Manouba - Evolution de l'effectif.csv
2022,La Manouba,1642.0,False,Evolution de l'effectif du cheptel ovin et caprin - Gouvernorat de Manouba - Evolution de l'effectif.csv
2022,La Manouba,2396.0,False,Evolution de l'effectif du cheptel ovin et caprin - Gouvernorat de Manouba - Evolution de l'effectif.csv
2022,La Manouba,10385.0,False,Evolution de l'effectif du cheptel ovin et caprin - Gouvernorat de Manouba - Evolution de l'effectif.csv
2022,La Manouba,26085.0,False,Evolution de l'effectif du cheptel ovin et caprin - Gouvernorat de Manouba - Evolution de l'effectif.csv
2022,La Manouba,31393.0,False,Evolution de l'effectif du cheptel ovin et caprin - Gouvernorat de Manouba - Evolution de l'effectif.csv
2022,La Manouba,29162.0,False,Evolution de l'effectif du cheptel ovin et caprin - Gouvernorat de Manouba - Evolution de l'effectif.csv
2022,La Manouba,38496.0,False,Evolution de l'effectif du cheptel ovin et caprin - Gouvernorat de Manouba - Evolution de l'effectif.csv
2022,La Manouba,22941.0,False,Evolution de l'effectif du cheptel ovin et caprin - Gouvernorat de Manouba - Evolution de l'effectif.csv
2023,La Manouba,1433.0,False,Evolution de l'effectif du cheptel ovin et caprin - Gouvernorat de Manouba - Evolution de l'effectif.csv
2023,La Manouba,2261.0,False,Evolution de l'effectif du cheptel ovin et caprin - Gouvernorat de Manouba - Evolution de l'effectif.csv
2023,La Manouba,10785.0,False,Evolution de l'effectif du cheptel ovin et caprin - Gouvernorat de Manouba - Evolution de l'effectif.csv
2023,La Manouba,26215.0,False,Evolution de l'effectif du cheptel ovin et caprin - Gouvernorat de Manouba - Evolution de l'effectif.csv
2023,La Manouba,39176.0,False,Evolution de l'effectif du cheptel ovin et caprin - Gouvernorat de Manouba - Evolution de l'effectif.csv
2023,La Manouba,41480.0,False,Evolution de l'effectif du cheptel ovin et caprin - Gouvernorat de Manouba - Evolution de l'effectif.csv
2023,La Manouba,41035.0,False,Evolution de l'effectif du cheptel ovin et caprin - Gouvernorat de Manouba - Evolution de l'effectif.csv
2023,La Manouba,15115.0,False,Evolution de l'effectif du cheptel ovin et caprin - Gouvernorat de Manouba - Evolution de l'effectif.csv
2016,La Manouba,128.0,False,Evolution de l'effectif du cheptel bovin- Gouvernorat de Manouba - Evolution de l'effectif du chepte.csv
2016,La Manouba,182.0,False,Evolution de l'effectif du cheptel bovin- Gouvernorat de Manouba - Evolution de l'effectif du chepte.csv
2016,La Manouba,2283.0,False,Evolution de l'effectif du cheptel bovin- Gouvernorat de Manouba - Evolution de l'effectif du chepte.csv
2016,La Manouba,2500.0,False,Evolution de l'effectif du cheptel bovin- Gouvernorat de Manouba - Evolution de l'effectif du chepte.csv
2016,La Manouba,1878.0,False,Evolution de l'effectif du cheptel bovin- Gouvernorat de Manouba - Evolution de l'effectif du chepte.csv
2016,La Manouba,4014.0,False,Evolution de l'effectif du cheptel bovin- Gouvernorat de Manouba - Evolution de l'effectif du chepte.csv
2016,La Manouba,2119.0,False,Evolution de l'effectif du cheptel bovin- Gouvernorat de Manouba - Evolution de l'effectif du chepte.csv
2016,La Manouba,3896.0,False,Evolution de l'effectif du cheptel bovin- Gouvernorat de Manouba - Evolution de l'effectif du chepte.csv
2017,La Manouba,115.0,False,Evolution de l'effectif du cheptel bovin- Gouvernorat de Manouba - Evolution de l'effectif du chepte.csv
2017,La Manouba,175.0,False,Evolution de l'effectif du cheptel bovin- Gouvernorat de Manouba - Evolution de l'effectif du chepte.csv
2017,La Manouba,1558.0,False,Evolution de l'effectif du cheptel bovin- Gouvernorat de Manouba - Evolution de l'effectif du chepte.csv
2017,La Manouba,2250.0,False,Evolution de l'effectif du cheptel bovin- Gouvernorat de Manouba - Evolution de l'effectif du chepte.csv
2017,La Manouba,1723.0,False,Evolution de l'effectif du cheptel bovin- Gouvernorat de Manouba - Evolution de l'effectif du chepte.csv
2017,La Manouba,3906.0,False,Evolution de l'effectif du cheptel bovin- Gouvernorat de Manouba - Evolution de l'effectif du chepte.csv
2017,La Manouba,1907.0,False,Evolution de l'effectif du cheptel bovin- Gouvernorat de Manouba - Evolution de l'effectif du chepte.csv
2017,La Manouba,3666.0,False,Evolution de l'effectif du cheptel bovin- Gouvernorat de Manouba - Evolution de l'effectif du chepte.csv
2018,La Manouba,98.0,False,Evolution de l'effectif du cheptel bovin- Gouvernorat de Manouba - Evolution de l'effectif du chepte.csv
2018,La Manouba,204.0,False,Evolution de l'effectif du cheptel bovin- Gouvernorat de Manouba - Evolution de l'effectif du chepte.csv
2018,La Manouba,1355.0,False,Evolution de l'effectif du cheptel bovin- Gouvernorat de Manouba - Evolution de l'effectif du chepte.csv
2018,La Manouba,2018.0,False,Evolution de l'effectif du cheptel bovin- Gouvernorat de Manouba - Evolution de l'effectif du chepte.csv
2018,La Manouba,1993.0,False,Evolution de l'effectif du cheptel bovin- Gouvernorat de Manouba - Evolution de l'effectif du chepte.csv
2018,La Manouba,3878.0,False,Evolution de l'effectif du cheptel bovin- Gouvernorat de Manouba - Evolution de l'effectif du chepte.csv
2018,La Manouba,2027.0,False,Evolution de l'effectif du cheptel bovin- Gouvernorat de Manouba - Evolution de l'effectif du chepte.csv
2018,La Manouba,2427.0,False,Evolution de l'effectif du cheptel bovin- Gouvernorat de Manouba - Evolution de l'effectif du chepte.csv
2019,La Manouba,83.0,False,Evolution de l'effectif du cheptel bovin- Gouvernorat de Manouba - Evolution de l'effectif du chepte.csv
2019,La Manouba,201.0,False,Evolution de l'effectif du cheptel bovin- Gouvernorat de Manouba - Evolution de l'effectif du chepte.csv
2019,La Manouba,1608.0,False,Evolution de l'effectif du cheptel bovin- Gouvernorat de Manouba - Evolution de l'effectif du chepte.csv
2019,La Manouba,2465.0,False,Evolution de l'effectif du cheptel bovin- Gouvernorat de Manouba - Evolution de l'effectif du chepte.csv
2019,La Manouba,1784.0,False,Evolution de l'effectif du cheptel bovin- Gouvernorat de Manouba - Evolution de l'effectif du chepte.csv
2019,La Manouba,3944.0,False,Evolution de l'effectif du cheptel bovin- Gouvernorat de Manouba - Evolution de l'effectif du chepte.csv
2019,La Manouba,2306.0,False,Evolution de l'effectif du cheptel bovin- Gouvernorat de Manouba - Evolution de l'effectif du chepte.csv
2019,La Manouba,2309.0,False,Evolution de l'effectif du cheptel bovin- Gouvernorat de Manouba - Evolution de l'effectif du chepte.csv
2020,La Manouba,92.0,False,Evolution de l'effectif du cheptel bovin- Gouvernorat de Manouba - Evolution de l'effectif du chepte.csv
2020,La Manouba,201.0,False,Evolution de l'effectif du cheptel bovin- Gouvernorat de Manouba - Evolution de l'effectif du chepte.csv
2020,La Manouba,1642.0,False,Evolution de l'effectif du cheptel bovin- Gouvernorat de Manouba - Evolution de l'effectif du chepte.csv
2020,La Manouba,3243.0,False,Evolution de l'effectif du cheptel bovin- Gouvernorat de Manouba - Evolution de l'effectif du chepte.csv
2020,La Manouba,1559.0,False,Evolution de l'effectif du cheptel bovin- Gouvernorat de Manouba - Evolution de l'effectif du chepte.csv
2020,La Manouba,4635.0,False,Evolution de l'effectif du cheptel bovin- Gouvernorat de Manouba - Evolution de l'effectif du chepte.csv
2020,La Manouba,2704.0,False,Evolution de l'effectif du cheptel bovin- Gouvernorat de Manouba - Evolution de l'effectif du chepte.csv
2020,La Manouba,2734.0,False,Evolution de l'effectif du cheptel bovin- Gouvernorat de Manouba - Evolution de l'effectif du chepte.csv
2021,La Manouba,138.0,False,Evolution de l'effectif du cheptel bovin- Gouvernorat de Manouba - Evolution de l'effectif du chepte.csv
2021,La Manouba,179.0,False,Evolution de l'effectif du cheptel bovin- Gouvernorat de Manouba - Evolution de l'effectif du chepte.csv
2021,La Manouba,1937.0,False,Evolution de l'effectif du cheptel bovin- Gouvernorat de Manouba - Evolution de l'effectif du chepte.csv
2021,La Manouba,2478.0,False,Evolution de l'effectif du cheptel bovin- Gouvernorat de Manouba - Evolution de l'effectif du chepte.csv
2021,La Manouba,2448.0,False,Evolution de l'effectif du cheptel bovin- Gouvernorat de Manouba - Evolution de l'effectif du chepte.csv
2021,La Manouba,4707.0,False,Evolution de l'effectif du cheptel bovin- Gouvernorat de Manouba - Evolution de l'effectif du chepte.csv
2021,La Manouba,2785.0,False,Evolution de l'effectif du cheptel bovin- Gouvernorat de Manouba - Evolution de l'effectif du chepte.csv
2021,La Manouba,2178.0,False,Evolution de l'effectif du cheptel bovin- Gouvernorat de Manouba - Evolution de l'effectif du chepte.csv
2022,La Manouba,150.0,False,Evolution de l'effectif du cheptel bovin- Gouvernorat de Manouba - Evolution de l'effectif du chepte.csv
2022,La Manouba,166.0,False,Evolution de l'effectif du cheptel bovin- Gouvernorat de Manouba - Evolution de l'effectif du chepte.csv
2022,La Manouba,1974.0,False,Evolution de l'effectif du cheptel bovin- Gouvernorat de Manouba - Evolution de l'effectif du chepte.csv
2022,La Manouba,2794.0,False,Evolution de l'effectif du cheptel bovin- Gouvernorat de Manouba - Evolution de l'effectif du chepte.csv
2022,La Manouba,2344.0,False,Evolution de l'effectif du cheptel bovin- Gouvernorat de Manouba - Evolution de l'effectif du chepte.csv
2022,La Manouba,4121.0,False,Evolution de l'effectif du cheptel bovin- Gouvernorat de Manouba - Evolution de l'effectif du chepte.csv
2022,La Manouba,2997.0,False,Evolution de l'effectif du cheptel bovin- Gouvernorat de Manouba - Evolution de l'effectif du chepte.csv
2022,La Manouba,2324.0,False,Evolution de l'effectif du cheptel bovin- Gouvernorat de Manouba - Evolution de l'effectif du chepte.csv
2023,La Manouba,65.0,False,Evolution de l'effectif du cheptel bovin- Gouvernorat de Manouba - Evolution de l'effectif du chepte.csv
2023,La Manouba,146.0,False,Evolution de l'effectif du cheptel bovin- Gouvernorat de Manouba - Evolution de l'effectif du chepte.csv
2023,La Manouba,1564.0,False,Evolution de l'effectif du cheptel bovin- Gouvernorat de Manouba - Evolution de l'effectif du chepte.csv
2023,La Manouba,2330.0,False,Evolution de l'effectif du cheptel bovin- Gouvernorat de Manouba - Evolution de l'effectif du chepte.csv
2023,La Manouba,2450.0,False,Evolution de l'effectif du cheptel bovin- Gouvernorat de Manouba - Evolution de l'effectif du chepte.csv
2023,La Manouba,3772.0,False,Evolution de l'effectif du cheptel bovin- Gouvernorat de Manouba - Evolution de l'effectif du chepte.csv
2023,La Manouba,2946.0,False,Evolution de l'effectif du cheptel bovin- Gouvernorat de Manouba - Evolution de l'effectif du chepte.csv
2023,La Manouba,2377.0,False,Evolution de l'effectif du cheptel bovin- Gouvernorat de Manouba - Evolution de l'effectif du chepte.csv
2024,La Manouba,60.0,False,Evolution de l'effectif du cheptel bovin- Gouvernorat de Manouba - Evolution de l'effectif du chepte.csv
2024,La Manouba,100.0,False,Evolution de l'effectif du cheptel bovin- Gouvernorat de Manouba - Evolution de l'effectif du chepte.csv
2024,La Manouba,1582.0,False,Evolution de l'effectif du cheptel bovin- Gouvernorat de Manouba - Evolution de l'effectif du chepte.csv
2024,La Manouba,1979.0,False,Evolution de l'effectif du cheptel bovin- Gouvernorat de Manouba - Evolution de l'effectif du chepte.csv
2024,La Manouba,1795.0,False,Evolution de l'effectif du cheptel bovin- Gouvernorat de Manouba - Evolution de l'effectif du chepte.csv
2024,La Manouba,3589.0,False,Evolution de l'effectif du cheptel bovin- Gouvernorat de Manouba - Evolution de l'effectif du chepte.csv
2024,La Manouba,2495.0,False,Evolution de l'effectif du cheptel bovin- Gouvernorat de Manouba - Evolution de l'effectif du chepte.csv
2024,La Manouba,1790.0,False,Evolution de l'effectif du cheptel bovin- Gouvernorat de Manouba - Evolution de l'effectif du chepte.csv
2022,Medenine,56.0,False,Evolution de l'effectif du cheptel - Gouvernorat de Médenine - Les effectifs des principaux types d’.csv
2022,Medenine,265.0,False,Evolution de l'effectif du cheptel - Gouvernorat de Médenine - Les effectifs des principaux types d’.csv
2023,Medenine,56.0,False,Evolution de l'effectif du cheptel - Gouvernorat de Médenine - Les effectifs des principaux types d’.csv
2023,Medenine,64.0,False,Evolution de l'effectif du cheptel - Gouvernorat de Médenine - Les effectifs des principaux types d’.csv
2024,Medenine,56.0,False,Evolution de l'effectif du cheptel - Gouvernorat de Médenine - Les effectifs des principaux types d’.csv
2024,Medenine,0.0,False,Evolution de l'effectif du cheptel - Gouvernorat de Médenine - Les effectifs des principaux types d’.csv
2024,Ben Arous,88.0,False,Evolution  du cheptel - Gouvernorat de Ben Arous - Evolution du Cheptel selon l'Espèce .csv
2025,Ben Arous,114.0,False,Evolution  du cheptel - Gouvernorat de Ben Arous - Evolution du Cheptel selon l'Espèce .csv
2022,Kasserine,300.0,False,Effectif du cheptel - Gouvernorat de Kasserine - Effectif du cheptel - Gouvernorat de Kasserine.csv
2022,Kasserine,300.0,False,Effectif du cheptel - Gouvernorat de Kasserine - Effectif du cheptel - Gouvernorat de Kasserine.csv
2022,Kasserine,0.0,False,Effectif du cheptel - Gouvernorat de Kasserine - Effectif du cheptel - Gouvernorat de Kasserine.csv
2022,Kasserine,850.0,False,Effectif du cheptel - Gouvernorat de Kasserine - Effectif du cheptel - Gouvernorat de Kasserine.csv
2022,Kasserine,1200.0,False,Effectif du cheptel - Gouvernorat de Kasserine - Effectif du cheptel - Gouvernorat de Kasserine.csv
2022,Kasserine,230.0,False,Effectif du cheptel - Gouvernorat de Kasserine - Effectif du cheptel - Gouvernorat de Kasserine.csv
2022,Kasserine,230.0,False,Effectif du cheptel - Gouvernorat de Kasserine - Effectif du cheptel - Gouvernorat de Kasserine.csv
2022,Kasserine,190.0,False,Effectif du cheptel - Gouvernorat de Kasserine - Effectif du cheptel - Gouvernorat de Kasserine.csv
2022,Kasserine,350.0,False,Effectif du cheptel - Gouvernorat de Kasserine - Effectif du cheptel - Gouvernorat de Kasserine.csv
2022,Kasserine,100.0,False,Effectif du cheptel - Gouvernorat de Kasserine - Effectif du cheptel - Gouvernorat de Kasserine.csv
2022,Kasserine,400.0,False,Effectif du cheptel - Gouvernorat de Kasserine - Effectif du cheptel - Gouvernorat de Kasserine.csv
2022,Kasserine,850.0,False,Effectif du cheptel - Gouvernorat de Kasserine - Effectif du cheptel - Gouvernorat de Kasserine.csv
2022,Kasserine,1200.0,False,Effectif du cheptel - Gouvernorat de Kasserine - Effectif du cheptel - Gouvernorat de Kasserine.csv
2022,Kasserine,6200.0,False,Effectif du cheptel - Gouvernorat de Kasserine - Effectif du cheptel - Gouvernorat de Kasserine.csv
2023,Kasserine,300.0,False,Effectif du cheptel - Gouvernorat de Kasserine - Effectif du cheptel - Gouvernorat de Kasserine.csv
2023,Kasserine,300.0,False,Effectif du cheptel - Gouvernorat de Kasserine - Effectif du cheptel - Gouvernorat de Kasserine.csv
2023,Kasserine,0.0,False,Effectif du cheptel - Gouvernorat de Kasserine - Effectif du cheptel - Gouvernorat de Kasserine.csv
2023,Kasserine,850.0,False,Effectif du cheptel - Gouvernorat de Kasserine - Effectif du cheptel - Gouvernorat de Kasserine.csv
2023,Kasserine,900.0,False,Effectif du cheptel - Gouvernorat de Kasserine - Effectif du cheptel - Gouvernorat de Kasserine.csv
2023,Kasserine,230.0,False,Effectif du cheptel - Gouvernorat de Kasserine - Effectif du cheptel - Gouvernorat de Kasserine.csv
2023,Kasserine,230.0,False,Effectif du cheptel - Gouvernorat de Kasserine - Effectif du cheptel - Gouvernorat de Kasserine.csv
2023,Kasserine,190.0,False,Effectif du cheptel - Gouvernorat de Kasserine - Effectif du cheptel - Gouvernorat de Kasserine.csv
2023,Kasserine,350.0,False,Effectif du cheptel - Gouvernorat de Kasserine - Effectif du cheptel - Gouvernorat de Kasserine.csv
2023,Kasserine,100.0,False,Effectif du cheptel - Gouvernorat de Kasserine - Effectif du cheptel - Gouvernorat de Kasserine.csv
2023,Kasserine,400.0,False,Effectif du cheptel - Gouvernorat de Kasserine - Effectif du cheptel - Gouvernorat de Kasserine.csv
2023,Kasserine,850.0,False,Effectif du cheptel - Gouvernorat de Kasserine - Effectif du cheptel - Gouvernorat de Kasserine.csv
2023,Kasserine,1000.0,False,Effectif du cheptel - Gouvernorat de Kasserine - Effectif du cheptel - Gouvernorat de Kasserine.csv
2023,Kasserine,5700.0,False,Effectif du cheptel - Gouvernorat de Kasserine - Effectif du cheptel - Gouvernorat de Kasserine.csv
2024,Kasserine,250.0,False,Effectif du cheptel - Gouvernorat de Kasserine - Effectif du cheptel - Gouvernorat de Kasserine.csv
2024,Kasserine,350.0,False,Effectif du cheptel - Gouvernorat de Kasserine - Effectif du cheptel - Gouvernorat de Kasserine.csv
2024,Kasserine,0.0,False,Effectif du cheptel - Gouvernorat de Kasserine - Effectif du cheptel - Gouvernorat de Kasserine.csv
2024,Kasserine,1000.0,False,Effectif du cheptel - Gouvernorat de Kasserine - Effectif du cheptel - Gouvernorat de Kasserine.csv
2024,Kasserine,1100.0,False,Effectif du cheptel - Gouvernorat de Kasserine - Effectif du cheptel - Gouvernorat de Kasserine.csv
2024,Kasserine,240.0,False,Effectif du cheptel - Gouvernorat de Kasserine - Effectif du cheptel - Gouvernorat de Kasserine.csv
2024,Kasserine,230.0,False,Effectif du cheptel - Gouvernorat de Kasserine - Effectif du cheptel - Gouvernorat de Kasserine.csv
2024,Kasserine,240.0,False,Effectif du cheptel - Gouvernorat de Kasserine - Effectif du cheptel - Gouvernorat de Kasserine.csv
2024,Kasserine,400.0,False,Effectif du cheptel - Gouvernorat de Kasserine - Effectif du cheptel - Gouvernorat de Kasserine.csv
2024,Kasserine,140.0,False,Effectif du cheptel - Gouvernorat de Kasserine - Effectif du cheptel - Gouvernorat de Kasserine.csv
2024,Kasserine,400.0,False,Effectif du cheptel - Gouvernorat de Kasserine - Effectif du cheptel - Gouvernorat de Kasserine.csv
2024,Kasserine,900.0,False,Effectif du cheptel - Gouvernorat de Kasserine - Effectif du cheptel - Gouvernorat de Kasserine.csv
2024,Kasserine,1000.0,False,Effectif du cheptel - Gouvernorat de Kasserine - Effectif du cheptel - Gouvernorat de Kasserine.csv
2024,Kasserine,6250.0,False,Effectif du cheptel - Gouvernorat de Kasserine - Effectif du cheptel - Gouvernorat de Kasserine.csv
2020,Kairouan,3600.0,False,Effectif du cheptel - Gouvernorat de Kairouan - Effectif du cheptel.csv
2020,Kairouan,5300.0,False,Effectif du cheptel - Gouvernorat de Kairouan - Effectif du cheptel.csv
2020,Kairouan,2700.0,False,Effectif du cheptel - Gouvernorat de Kairouan - Effectif du cheptel.csv
2020,Kairouan,1600.0,False,Effectif du cheptel - Gouvernorat de Kairouan - Effectif du cheptel.csv
2020,Kairouan,3200.0,False,Effectif du cheptel - Gouvernorat de Kairouan - Effectif du cheptel.csv
2020,Kairouan,8500.0,False,Effectif du cheptel - Gouvernorat de Kairouan - Effectif du cheptel.csv
2020,Kairouan,2400.0,False,Effectif du cheptel - Gouvernorat de Kairouan - Effectif du cheptel.csv
2020,Kairouan,3300.0,False,Effectif du cheptel - Gouvernorat de Kairouan - Effectif du cheptel.csv
2020,Kairouan,3800.0,False,Effectif du cheptel - Gouvernorat de Kairouan - Effectif du cheptel.csv
2020,Kairouan,1900.0,False,Effectif du cheptel - Gouvernorat de Kairouan - Effectif du cheptel.csv
2020,Kairouan,2400.0,False,Effectif du cheptel - Gouvernorat de Kairouan - Effectif du cheptel.csv
2020,Kairouan,38700.0,False,Effectif du cheptel - Gouvernorat de Kairouan - Effectif du cheptel.csv
2021,Kairouan,3600.0,False,Effectif du cheptel - Gouvernorat de Kairouan - Effectif du cheptel.csv
2021,Kairouan,5300.0,False,Effectif du cheptel - Gouvernorat de Kairouan - Effectif du cheptel.csv
2021,Kairouan,2700.0,False,Effectif du cheptel - Gouvernorat de Kairouan - Effectif du cheptel.csv
2021,Kairouan,1600.0,False,Effectif du cheptel - Gouvernorat de Kairouan - Effectif du cheptel.csv
2021,Kairouan,3200.0,False,Effectif du cheptel - Gouvernorat de Kairouan - Effectif du cheptel.csv
2021,Kairouan,8500.0,False,Effectif du cheptel - Gouvernorat de Kairouan - Effectif du cheptel.csv
2021,Kairouan,2400.0,False,Effectif du cheptel - Gouvernorat de Kairouan - Effectif du cheptel.csv
2021,Kairouan,3300.0,False,Effectif du cheptel - Gouvernorat de Kairouan - Effectif du cheptel.csv
2021,Kairouan,3800.0,False,Effectif du cheptel - Gouvernorat de Kairouan - Effectif du cheptel.csv
2021,Kairouan,1900.0,False,Effectif du cheptel - Gouvernorat de Kairouan - Effectif du cheptel.csv
2021,Kairouan,2400.0,False,Effectif du cheptel - Gouvernorat de Kairouan - Effectif du cheptel.csv
2021,Kairouan,38700.0,False,Effectif du cheptel - Gouvernorat de Kairouan - Effectif du cheptel.csv
2022,Kairouan,3600.0,False,Effectif du cheptel - Gouvernorat de Kairouan - Effectif du cheptel.csv
2022,Kairouan,5300.0,False,Effectif du cheptel - Gouvernorat de Kairouan - Effectif du cheptel.csv
2022,Kairouan,2700.0,False,Effectif du cheptel - Gouvernorat de Kairouan - Effectif du cheptel.csv
2022,Kairouan,1600.0,False,Effectif du cheptel - Gouvernorat de Kairouan - Effectif du cheptel.csv
2022,Kairouan,3200.0,False,Effectif du cheptel - Gouvernorat de Kairouan - Effectif du cheptel.csv
2022,Kairouan,8500.0,False,Effectif du cheptel - Gouvernorat de Kairouan - Effectif du cheptel.csv
2022,Kairouan,2400.0,False,Effectif du cheptel - Gouvernorat de Kairouan - Effectif du cheptel.csv
2022,Kairouan,3300.0,False,Effectif du cheptel - Gouvernorat de Kairouan - Effectif du cheptel.csv
2022,Kairouan,3800.0,False,Effectif du cheptel - Gouvernorat de Kairouan - Effectif du cheptel.csv
2022,Kairouan,1900.0,False,Effectif du cheptel - Gouvernorat de Kairouan - Effectif du cheptel.csv
2022,Kairouan,2400.0,False,Effectif du cheptel - Gouvernorat de Kairouan - Effectif du cheptel.csv
2022,Kairouan,38700.0,False,Effectif du cheptel - Gouvernorat de Kairouan - Effectif du cheptel.csv
2023,Kairouan,3600.0,False,Effectif du cheptel - Gouvernorat de Kairouan - Effectif du cheptel.csv
2023,Kairouan,5300.0,False,Effectif du cheptel - Gouvernorat de Kairouan - Effectif du cheptel.csv
2023,Kairouan,2700.0,False,Effectif du cheptel - Gouvernorat de Kairouan - Effectif du cheptel.csv
2023,Kairouan,1600.0,False,Effectif du cheptel - Gouvernorat de Kairouan - Effectif du cheptel.csv
2023,Kairouan,3200.0,False,Effectif du cheptel - Gouvernorat de Kairouan - Effectif du cheptel.csv
2023,Kairouan,8500.0,False,Effectif du cheptel - Gouvernorat de Kairouan - Effectif du cheptel.csv
2023,Kairouan,2400.0,False,Effectif du cheptel - Gouvernorat de Kairouan - Effectif du cheptel.csv
2023,Kairouan,3300.0,False,Effectif du cheptel - Gouvernorat de Kairouan - Effectif du cheptel.csv
2023,Kairouan,3800.0,False,Effectif du cheptel - Gouvernorat de Kairouan - Effectif du cheptel.csv
2023,Kairouan,1900.0,False,Effectif du cheptel - Gouvernorat de Kairouan - Effectif du cheptel.csv
2023,Kairouan,2400.0,False,Effectif du cheptel - Gouvernorat de Kairouan - Effectif du cheptel.csv
2023,Kairouan,38700.0,False,Effectif du cheptel - Gouvernorat de Kairouan - Effectif du cheptel.csv
2024,Kairouan,1300.0,False,Effectif du cheptel - Gouvernorat de Kairouan - Effectif du cheptel.csv
2024,Kairouan,4000.0,False,Effectif du cheptel - Gouvernorat de Kairouan - Effectif du cheptel.csv
2024,Kairouan,1450.0,False,Effectif du cheptel - Gouvernorat de Kairouan - Effectif du cheptel.csv
2024,Kairouan,900.0,False,Effectif du cheptel - Gouvernorat de Kairouan - Effectif du cheptel.csv
2024,Kairouan,1250.0,False,Effectif du cheptel - Gouvernorat de Kairouan - Effectif du cheptel.csv
2024,Kairouan,6300.0,False,Effectif du cheptel - Gouvernorat de Kairouan - Effectif du cheptel.csv
2024,Kairouan,1000.0,False,Effectif du cheptel - Gouvernorat de Kairouan - Effectif du cheptel.csv
2024,Kairouan,1350.0,False,Effectif du cheptel - Gouvernorat de Kairouan - Effectif du cheptel.csv
2024,Kairouan,2250.0,False,Effectif du cheptel - Gouvernorat de Kairouan - Effectif du cheptel.csv
2024,Kairouan,400.0,False,Effectif du cheptel - Gouvernorat de Kairouan - Effectif du cheptel.csv
2024,Kairouan,1000.0,False,Effectif du cheptel - Gouvernorat de Kairouan - Effectif du cheptel.csv
2024,Kairouan,21200.0,False,Effectif du cheptel - Gouvernorat de Kairouan - Effectif du cheptel.csv
2024,Gafsa,1900.0,False,Composition du cheptel productif - Gouvernorat de Gafsa - Composition du cheptel productif - Gouvern.csv
2024,Gafsa,2800.0,False,Composition du cheptel productif - Gouvernorat de Gafsa - Composition du cheptel productif - Gouvern.csv
2024,Gafsa,950.0,False,Composition du cheptel productif - Gouvernorat de Gafsa - Composition du cheptel productif - Gouvern.csv
2024,Gafsa,1800.0,False,Composition du cheptel productif - Gouvernorat de Gafsa - Composition du cheptel productif - Gouvern.csv
2024,Gafsa,450.0,False,Composition du cheptel productif - Gouvernorat de Gafsa - Composition du cheptel productif - Gouvern.csv
2024,Gafsa,320.0,False,Composition du cheptel productif - Gouvernorat de Gafsa - Composition du cheptel productif - Gouvern.csv
2024,Gafsa,350.0,False,Composition du cheptel productif - Gouvernorat de Gafsa - Composition du cheptel productif - Gouvern.csv
2024,Gafsa,150.0,False,Composition du cheptel productif - Gouvernorat de Gafsa - Composition du cheptel productif - Gouvern.csv
2024,Gafsa,400.0,False,Composition du cheptel productif - Gouvernorat de Gafsa - Composition du cheptel productif - Gouvern.csv
2024,Gafsa,630.0,False,Composition du cheptel productif - Gouvernorat de Gafsa - Composition du cheptel productif - Gouvern.csv
2024,Gafsa,800.0,False,Composition du cheptel productif - Gouvernorat de Gafsa - Composition du cheptel productif - Gouvern.csv
2024,Gafsa,1000.0,False,Composition du cheptel productif - Gouvernorat de Gafsa - Composition du cheptel productif - Gouvern.csv
2024,Gafsa,1300.0,False,Composition du cheptel productif - Gouvernorat de Gafsa - Composition du cheptel productif - Gouvern.csv
2024,Gafsa,12850.0,False,Composition du cheptel productif - Gouvernorat de Gafsa - Composition du cheptel productif - Gouvern.csv
