_id,Campagne,Delegation,Arrondissement,Bovin_race_pure,Bovin_race_locale_et_croisee,Nombre_eleveurs_bovins,Ovin,Nombre_eleveurs_ovin,caprin,Nombre_eleveurs_caprin,Camelides,Nombre_eleveurs_camelides,Equine_race_pure,Equine_race_locale_et_croisee,Nombre_eleveur_equine,Anes_et_mules,Nombre_eleveurs_anes_et_mules,Chien,Nombre_eleveur_chien
1,2020-2021,قابـس المدينة,المنطقة1,1009,0,80,1200,40,225,40,0,0,2,8,10,20,18,100,80
2,2020-2021,قابـس المدينة,المنطقة2,268,0,24,1269,45,234,45,0,0,2,18,18,30,30,100,80
3,2020-2021,قابـس المدينة,المنطقة3,148,,20,1664,127,441,127,0,0,0,0,0,0,0,50,30
4,2020-2021,قابـس المدينة,المنطقة4,0,,0,0,0,0,0,0,0,0,0,0,0,0,50,30
5,2020-2021,قابـس المدينة,شط سيدي عبد السلام,688,0,58,2264,133,315,133,0,0,3,17,19,20,17,100,80
6,2020-2021,قابـس الغربية,شنني الشمالية,0,0,0,577,53,251,53,0,0,5,15,18,60,55,100,85
7,2020-2021,قابـس الغربية,شنني الشرقية,383,0,37,3328,234,1020,234,0,0,5,35,34,60,50,100,85
8,2020-2021,قابـس الغربية,شنني الغربية,0,0,0,9,2,26,2,0,0,4,15,18,40,30,100,85
9,2020-2021,قابـس الغربية,النحال,9,0,2,383,43,134,43,0,0,2,5,7,10,8,100,85
10,2020-2021,قابـس الغربية,الجواولة,72,0,4,1296,86,352,86,0,0,1,45,45,20,18,100,85
11,2020-2021,قابـس الغربية,الرماثي,11,0,2,6302,477,2790,477,0,0,1,5,5,20,20,100,85
12,2020-2021,قابـس الغربية,بوشمة,303,0,30,5561,365,1883,365,0,0,3,25,20,70,65,100,90
13,2020-2021,قابـس الجنوبية,المدو,87,0,3,4210,276,2060,276,0,0,2,2,4,40,35,200,180
14,2020-2021,قابـس الجنوبية,الموازير,0,0,0,2418,169,705,169,0,0,1,2,3,20,18,150,130
15,2020-2021,قابـس الجنوبية,تبلبو,2653,0,174,14982,560,4423,560,2,1,4,20,22,115,113,300,270
16,2020-2021,قابـس الجنوبية,ليماوة,326,0,21,5104,146,1070,146,0,0,2,8,9,40,40,100,80
17,2020-2021,قابـس الجنوبية,المنطقة5,217,0,15,339,17,63,17,0,0,1,3,4,5,5,50,30
18,2020-2021,قابـس الجنوبية,سيدي بولبابة,0,0,0,62,4,63,4,0,0,1,5,6,5,5,50,30
19,2020-2021,قابـس الجنوبية,زريق   الدخلانية,39,0,7,879,43,311,43,0,0,1,3,4,5,5,50,30
20,2020-2021,غنوش,غنوش الغربية,44,0,2,3175,180,1367,180,0,0,5,8,13,30,25,120,100
21,2020-2021,غنوش,غنوش الجنوبية,0,0,0,2299,163,524,163,0,0,2,10,10,20,15,70,60
22,2020-2021,غنوش,غنوش الشرقية,0,0,0,1890,180,449,180,0,0,2,7,8,25,20,80,70
23,2020-2021,غنوش,غنوش الشمالية,118,0,7,4985,296,1256,296,0,0,1,5,6,25,20,130,120
24,2020-2021,وذرف,وذرف الشمالية,27,0,4,4397,244,710,244,0,0,2,5,8,12,11,30,26
25,2020-2021,وذرف,وذرف الجنوبية,0,0,0,3794,185,1051,185,0,0,1,5,2,8,4,20,14
26,2020-2021,وذرف,الميدة,0,0,0,8821,421,3715,421,0,0,2,15,14,50,40,150,130
27,2020-2021,وذرف,الهيشة,0,0,0,6891,722,3151,722,2,1,3,8,9,30,25,150,130
28,2020-2021,المطوية,المطوية الشمالية,84,0,14,3432,146,1065,146,0,0,2,7,7,18,14,75,60
29,2020-2021,المطوية,العكاريت,237,0,17,4828,324,2071,324,4,1,6,7,11,20,15,100,80
30,2020-2021,المطوية,المطوية الجنوبية,0,0,0,1791,199,911,199,2,1,2,5,6,12,11,75,60
31,2020-2021,منزل الحبيب,منزل الحبيب,0,0,0,13716,383,4204,383,11,1,3,5,7,50,45,80,70
32,2020-2021,منزل الحبيب,السقي,0,0,0,12436,250,4712,250,11,3,2,15,15,50,48,100,90
33,2020-2021,منزل الحبيب,وادي الزيتون,0,0,0,8925,157,3792,157,0,0,3,20,18,80,70,100,90
34,2020-2021,منزل الحبيب,المهاملة,0,0,0,14821,219,5189,219,18,3,5,50,50,200,190,150,100
35,2020-2021,منزل الحبيب,الفجيج,0,0,0,5443,219,2906,219,1,1,1,15,15,70,60,120,110
36,2020-2021,منزل الحبيب,والي,0,0,0,14212,497,4970,497,2,1,6,30,30,150,140,150,100
37,2020-2021,منزل الحبيب,زقراطة,0,0,0,3441,155,2155,155,6,2,2,10,8,20,18,100,90
38,2020-2021,الحامة,القصر,0,0,0,1094,97,539,97,0,0,5,20,9,40,25,100,90
39,2020-2021,الحامة,الحامة الشمالية,18,0,1,7900,583,4373,583,115,2,7,25,10,35,22,70,65
40,2020-2021,الحامة,شانشو,45,0,5,10320,316,5025,316,13,1,4,21,11,42,30,50,45
41,2020-2021,الحامة,الحامة الشرقية1,174,0,11,5503,501,2711,501,0,0,2,22,9,38,29,70,60
42,2020-2021,الحامة,الحامة الشرقية2,27,0,5,6283,559,2845,559,0,0,8,26,8,40,30,60,55
43,2020-2021,الحامة,الحامة الغربية,0,0,0,7030,510,3463,510,0,0,6,24,11,36,30,50,45
44,2020-2021,الحامة,فرحات حشاد,0,0,0,22127,353,10657,353,0,0,3,24,11,34,23,50,45
45,2020-2021,الحامة,المنطقة القبلية,0,0,0,2285,82,820,82,0,0,4,22,10,35,32,50,45
46,2020-2021,الحامة الغربية ,الحبيب ثامر,60,0,4,10732,547,5582,547,9,2,12,38,11,50,10,120,90
47,2020-2021,الحامة الغربية ,بشيمة البرج,0,0,0,7948,414,3914,414,0,0,5,10,10,70,5,110,80
48,2020-2021,الحامة الغربية ,بشيمة القلب,59,0,8,6436,788,2365,788,0,0,7,10,11,80,5,100,85
49,2020-2021,الحامة الغربية ,بوعطوش,68,0,8,20523,742,10700,742,892,92,8,34,27,45,140,80,65
50,2020-2021,الحامة الغربية ,البحاير,0,0,0,17470,578,8556,578,87,4,5,18,21,55,46,90,80
51,2020-2021,مطماطة,مطماطة,0,0,0,5003,218,1569,218,17,7,2,5,6,100,95,200,180
52,2020-2021,مطماطة,تمزرط,0,0,0,3904,170,1737,170,0,0,1,10,8,100,95,100,90
53,2020-2021,مطماطة,تشين,0,0,0,8235,238,2063,238,0,0,5,15,17,200,195,300,280
54,2020-2021,مطماطة الجديدة,الزراوة,1,0,1,5831,463,3901,463,0,0,2,10,10,70,65,150,120
55,2020-2021,مطماطة الجديدة,بني عيسى,12,0,1,4677,126,2177,126,0,0,1,10,9,60,60,150,120
56,2020-2021,مطماطة الجديدة,مطماطة الجديدة,0,0,0,3010,226,1837,226,5,2,1,7,7,60,55,150,120
57,2020-2021,مطماطة الجديدة,بني زلطن,0,0,0,4181,330,3056,330,0,0,1,6,6,50,45,80,50
58,2020-2021,مطماطة الجديدة,هداج,0,0,0,8320,718,5203,718,0,0,2,7,8,60,55,70,40
59,2020-2021,مارث,مارث,12,0,1,7161,420,4093,420,2,1,4,72,43,30,29,100,90
60,2020-2021,مارث,مارث الشمالية,0,0,0,6456,389,3391,389,25,4,0,0,0,10,6,50,45
61,2020-2021,مارث,كتانة,399,0,42,9607,400,2293,400,2,1,0,0,0,10,4,50,40
62,2020-2021,مارث,الزركين,0,0,0,2032,58,652,58,16,1,0,0,0,20,13,50,40
63,2020-2021,مارث,الزارات,0,0,0,7194,711,2987,711,157,27,6,105,50,20,14,100,90
64,2020-2021,مارث,العلايا,0,0,0,3535,224,760,224,5,1,6,52,33,10,5,50,40
65,2020-2021,مارث,زريق الغندري,2,0,1,5860,331,2513,331,0,0,2,13,15,20,14,50,45
66,2020-2021,مارث,عيون الزركين,0,0,0,3724,152,2038,152,26,4,0,0,0,10,6,50,40
67,2020-2021,مارث,واريفن,0,0,0,2745,96,1676,96,7,1,0,0,0,30,20,30,20
68,2020-2021,مارث,سيدي التواتي,0,0,0,6465,319,4387,319,0,0,0,0,0,20,12,70,60
69,2020-2021,مارث,عرام,0,0,0,9255,351,3783,351,76,16,3,60,45,20,14,100,90
70,2020-2021,دخبلة توجان,زمرتن,0,0,0,5156,240,3485,240,0,0,1,4,4,50,40,30,20
71,2020-2021,دخيلة توجان,توجان,0,0,0,4699,160,2444,160,0,0,1,4,4,30,30,20,10
72,2020-2021,دخيلة توجان,تونين,0,0,0,10255,615,5607,615,26,1,1,19,18,100,100,100,70
73,2020-2021,دخيلة توجان,دخيلة توجان,0,0,0,8018,1207,9010,1207,0,0,2,18,19,120,100,150,100
74,2021-2022,قابـس المدينة,المنطقة1,428,0,47,2540,99,424,40,0,0,2,8,10,20,18,100,80
75,2021-2022,قابـس المدينة,المنطقة2,592,0,47,827,38,122,12,0,0,2,18,18,30,30,100,80
76,2021-2022,قابـس المدينة,المنطقة3,158,0,14,1270,106,447,61,0,0,0,0,0,0,0,50,30
77,2021-2022,قابـس المدينة,المنطقة4,0,0,0,0,0,0,0,0,0,0,0,0,0,0,50,30
78,2021-2022,قابـس المدينة,شط سيدي عبد السلام,512,0,46,2536,148,236,155,0,0,3,17,19,20,17,100,80
79,2021-2022,قابـس الغربية,شنني الشمالية,67,0,6,517,27,83,15,0,0,5,15,18,60,55,100,85
80,2021-2022,قابـس الغربية,شنني الشرقية,249,0,32,3711,200,1160,109,0,0,5,35,34,60,50,100,85
81,2021-2022,قابـس الغربية,شنني الغربية,0,0,0,418,29,119,14,0,0,4,15,18,40,30,100,85
82,2021-2022,قابـس الغربية,النحال,27,0,2,301,24,100,14,0,0,2,5,7,10,8,100,85
83,2021-2022,قابـس الغربية,الجواولة,125,0,9,1505,98,353,48,0,0,1,45,45,20,18,100,85
84,2021-2022,قابـس الغربية,الرماثي,20,0,7,5394,382,2459,337,0,0,1,5,5,20,20,100,85
85,2021-2022,قابـس الغربية,بوشمة,0,0,0,6221,300,1984,223,0,0,3,25,20,70,65,100,90
86,2021-2022,قابـس الجنوبية,المدو,88,0,3,4692,275,1862,200,0,0,2,2,4,40,35,200,180
87,2021-2022,قابـس الجنوبية,الموازير,0,0,0,1954,134,642,88,0,0ؤ,1,2,3,20,18,150,130
88,2021-2022,قابـس الجنوبية,تبلبو,2590,0,195,19375,610,6178,415,2,1,4,20,22,115,113,300,270
89,2021-2022,قابـس الجنوبية,ليماوة,849,0,26,3388,145,1202,103,0,0,2,8,9,40,40,100,80
90,2021-2022,قابـس الجنوبية,المنطقة5,191,0,12,638,31,71,31,0,0,1,3,4,5,5,50,30
91,2021-2022,قابـس الجنوبية,سيدي بولبابة,0,0,0,95,4,15,2,0,0,1,5,6,5,5,50,30
92,2021-2022,قابـس الجنوبية,زريق   الدخلانية,70,0,12,1011,45,350,25,0,0,1,3,4,5,5,50,30
93,2021-2022,غنوش,غنوش الغربية,63,0,4,2928,175,1113,123,0,0,5,8,13,30,25,120,100
94,2021-2022,غنوش,غنوش الجنوبية,0,0,0,1741,147,400,66,0,0,2,10,10,20,15,70,60
95,2021-2022,غنوش,غنوش الشرقية,0,0,0,1899,185,422,67,0,0,2,7,8,25,20,80,70
96,2021-2022,غنوش,غنوش الشمالية,156,0,7,3804,286,1243,134,0,0,1,5,6,25,20,130,120
97,2021-2022,وذرف,وذرف الشمالية,25,0,2,4551,136,1048,59,0,0,2,5,8,12,11,30,26
98,2021-2022,وذرف,وذرف الجنوبية,0,0,0,,188,1083,103,0,0,1,5,2,8,4,20,14
99,2021-2022,,,,,,3667,,,,,,,,,,,,
100,2021-2022,وذرف,الميدة,0,0,0,10807,390,3996,345,0,0,2,15,14,50,40,150,130
101,2021-2022,وذرف,الهيشة,107,0,3,7762,538,2665,398,2,1,3,8,9,30,25,150,130
102,2021-2022,المطوية,المطوية الشمالية,34,0,9,3018,219,1010,140,0,0,2,7,7,18,14,75,60
103,2021-2022,المطوية,العكاريت,198,0,18,4905,296,1913,220,4,1,6,7,11,20,15,100,80
104,2021-2022,المطوية,المطوية الجنوبية,0,0,0,1500,70,606,59,2,1,2,5,6,12,11,75,60
105,2021-2022,منزل الحبيب,منزل الحبيب,0,0,0,12274,342,4517,324,11,1,3,5,7,50,45,80,70
106,2021-2022,منزل الحبيب,السقي,0,0,0,10676,412,5488,402,11,3,2,15,15,50,48,100,90
107,2021-2022,منزل الحبيب,وادي الزيتون,0,0,0,8460,116,3234,118,0,0,3,20,18,80,70,100,90
108,2021-2022,منزل الحبيب,المهاملة,0,0,0,13501,199,4862,175,18,3,5,50,50,200,190,150,100
109,2021-2022,منزل الحبيب,الفجيج,0,0,0,5725,178,2947,161,1,1,1,15,15,70,60,120,110
110,2021-2022,منزل الحبيب,والي,0,0,0,15437,476,4425,409,2,1,6,30,30,150,140,150,100
111,2021-2022,منزل الحبيب,زقراطة,0,0,0,6943,146,2583,161,6,2,2,10,8,20,18,100,90
112,2021-2022,الحامة,القصر,0,0,0,1565,122,849,116,0,0,5,20,9,40,25,100,90
113,2021-2022,الحامة,الحامة الشمالية,18,9,1,10381,454,4683,432,115,2,7,25,10,35,22,70,65
114,2021-2022,الحامة,شانشو,45,22,5,11307,320,6162,311,13,1,4,21,11,42,30,50,45
115,2021-2022,الحامة,الحامة الشرقية1,0,0,0,1981,119,1030,111,0,0,2,22,9,38,29,70,60
116,2021-2022,الحامة,الحامة الشرقية2,207,107,17,9193,515,3938,396,0,0,8,26,8,40,30,60,55
117,2021-2022,الحامة,الحامة الغربية,0,0,0,7598,399,2552,245,0,0,6,24,11,36,30,50,45
118,2021-2022,الحامة,فرحات حشاد,0,0,0,22138,297,11818,297,0,0,3,24,11,34,23,50,45
119,2021-2022,الحامة,المنطقة القبلية,0,0,0,3448,123,1301,111,0,0,4,22,10,35,32,50,45
120,2021-2022,الحامة الغربية ,الحبيب ثامر,65,37,5,7644,319,3435,200,9,2,12,38,11,50,10,120,90
121,2021-2022,الحامة الغربية ,بشيمة البرج,0,0,0,6432,353,4236,325,0,0,5,10,10,70,5,110,80
122,2021-2022,الحامة الغربية ,بشيمة القلب,59,31,8,4248,506,3926,400,0,0,7,10,11,80,5,100,85
123,2021-2022,الحامة الغربية ,بوعطوش,68,36,8,22541,627,9056,402,892,92,8,34,27,45,140,80,65
124,2021-2022,الحامة الغربية ,البحاير,0,0,0,17999,430,9365,390,87,4,5,18,21,55,46,90,80
125,2021-2022,مطماطة,مطماطة,0,0,0,3839,185,1443,160,17,7,2,5,6,100,95,200,180
126,2021-2022,مطماطة,تمزرط,0,0,0,6215,106,3076,133,0,0,1,10,8,100,95,100,90
127,2021-2022,مطماطة,تشين,0,0,0,4437,138,2036,126,0,0,5,15,17,200,195,300,280
128,2021-2022,مطماطة الجديدة,الزراوة,0,0,0,7640,328,5157,414,0,0,2,10,10,70,65,150,120
129,2021-2022,مطماطة الجديدة,بني عيسى,0,0,0,3697,96,2713,108,0,0,1,10,9,60,60,150,120
130,2021-2022,مطماطة الجديدة,مطماطة الجديدة,0,0,0,,366,3611,385,5,2,1,7,7,60,55,150,120
131,2021-2022,,,,,,5381,,,,,,,,,,,,
132,2021-2022,مطماطة الجديدة,بني زلطن,0,0,0,3338,239,2346,239,0,0,1,6,6,50,45,80,50
133,2021-2022,مطماطة الجديدة,هداج,0,0,0,9635,547,5236,509,0,0,2,7,8,60,55,70,40
134,2021-2022,مارث,مارث الجنوبية,35,0,4,5320,308,2448,269,60,13,4,72,43,30,29,100,90
135,2021-2022,مارث,مارث الشمالية,0,0,0,4951,443,2587,302,12,3,0,0,0,10,6,50,45
136,2021-2022,مارث,كتانة,396,0,45,10385,459,2925,219,0,0,0,0,0,10,4,50,40
137,2021-2022,مارث,الزركين,0,0,0,2458,128,746,73,27,4,0,0,0,20,13,50,40
138,2021-2022,مارث,الزارات,2,0,1,8717,568,3776,626,383,20,6,105,50,20,14,100,90
139,2021-2022,مارث,العلايا,0,0,0,4461,238,976,118,115,6,6,52,33,10,5,50,40
140,2021-2022,مارث,زريق الغندري,0,0,0,4947,296,1862,186,6,1,2,13,15,20,14,50,45
141,2021-2022,مارث,عيون الزركين,2,0,1,6525,387,2951,296,27,8,0,0,0,10,6,50,40
142,2021-2022,مارث,واريفن,0,0,0,1653,70,1218,70,0,0,0,0,0,30,20,30,20
143,2021-2022,مارث,سيدي التواتي,0,0,0,7181,316,4192,310,5,2,a0,0,0,20,12,70,60
144,2021-2022,مارث,عرام,0,0,0,10826,441,4099,330,91,27,3,60,45,20,14,100,90
145,2021-2022,دخبلة توجان,زمرتن,0,0,0,4579,161,2455,129,0,0,1,4,4,50,40,30,20
146,2021-2022,دخيلة توجان,توجان,0,0,0,3107,139,1388,91,1,1,1,4,4,30,30,20,10
147,2021-2022,دخيلة توجان,تونين,0,0,0,12576,500,7507,621,0,0,1,19,18,100,100,100,70
148,2021-2022,دخيلة توجان,دخيلة توجان,0,0,0,11025,1029,6450,863,0,0,2,18,19,120,100,150,100
